0,1,2,3,4,5,6,7,8,9,10,11,12,13,14,15,16,17,18,19,20,21,22,23,24,25,26,27,28,29,30,31,32,33,34,35,36,37,38,39,40,41
0.0,0.0,0.4583333333333333,0.04285714285714286,0.7638888888888888,0.225,0.8263888888888888,0.44285714285714284,0.8055555555555556,0.6,0.9861111111111112,0.23214285714285715,1.0,0.5857142857142857,0.9444444444444444,0.7892857142857143,0.8888888888888888,0.9392857142857143,0.6736111111111112,0.2,0.7152777777777778,0.6071428571428571,0.6805555555555556,0.8392857142857143,0.6527777777777778,1.0,0.3263888888888889,0.21428571428571427,0.4027777777777778,0.5964285714285714,0.4305555555555556,0.8142857142857143,0.4513888888888889,0.9571428571428572,0.027777777777777776,0.24642857142857144,0.1527777777777778,0.5321428571428571,0.2361111111111111,0.6285714285714286,0.3055555555555556,0.6714285714285714
0.0,0.0,0.4791666666666667,0.0673758865248227,0.7777777777777778,0.25177304964539005,0.8333333333333334,0.4645390070921986,0.8125,0.6099290780141844,0.9861111111111112,0.2375886524822695,1.0,0.5957446808510638,0.9375,0.7943262411347518,0.8819444444444444,0.9432624113475178,0.6736111111111112,0.20567375886524822,0.7291666666666666,0.6134751773049646,0.6875,0.8439716312056738,0.6388888888888888,1.0,0.3333333333333333,0.2127659574468085,0.4305555555555556,0.599290780141844,0.4513888888888889,0.8156028368794326,0.4583333333333333,0.9609929078014184,0.034722222222222224,0.24113475177304963,0.1597222222222222,0.5319148936170213,0.22916666666666666,0.6347517730496454,0.2708333333333333,0.6843971631205674
0.0,0.0,0.48322147651006714,0.05714285714285714,0.7785234899328859,0.2357142857142857,0.8120805369127517,0.45,0.7651006711409396,0.5964285714285714,0.9865771812080537,0.225,1.0,0.5821428571428572,0.9328859060402684,0.7821428571428571,0.8791946308724832,0.9321428571428572,0.6912751677852349,0.19285714285714287,0.738255033557047,0.6035714285714285,0.7046979865771812,0.8357142857142857,0.6577181208053692,1.0,0.35570469798657717,0.20357142857142857,0.4563758389261745,0.5964285714285714,0.46308724832214765,0.8178571428571428,0.46308724832214765,0.9607142857142857,0.0738255033557047,0.2357142857142857,0.19463087248322147,0.5357142857142857,0.2550335570469799,0.6285714285714286,0.2953020134228188,0.6678571428571428
0.0,0.0,0.48299319727891155,0.06028368794326241,0.782312925170068,0.23404255319148937,0.8299319727891157,0.44680851063829785,0.782312925170068,0.5921985815602837,0.9863945578231292,0.23404255319148937,1.0,0.5886524822695035,0.9455782312925171,0.7907801418439716,0.8979591836734694,0.9397163120567376,0.6938775510204082,0.19858156028368795,0.7414965986394558,0.6099290780141844,0.7006802721088435,0.8404255319148937,0.6598639455782312,1.0,0.35374149659863946,0.20567375886524822,0.4489795918367347,0.5957446808510638,0.4557823129251701,0.8156028368794326,0.4557823129251701,0.9609929078014184,0.06802721088435375,0.2375886524822695,0.1836734693877551,0.5354609929078015,0.24489795918367346,0.6347517730496454,0.2857142857142857,0.6773049645390071
0.0,0.0,0.48,0.05054151624548736,0.7866666666666666,0.22743682310469315,0.8466666666666667,0.4404332129963899,0.82,0.5884476534296029,0.9866666666666667,0.22382671480144403,1.0,0.5848375451263538,0.9466666666666667,0.7870036101083032,0.8933333333333333,0.9386281588447654,0.6933333333333334,0.19133574007220217,0.74,0.6028880866425993,0.7,0.8375451263537906,0.6466666666666666,1.0,0.36666666666666664,0.19855595667870035,0.4533333333333333,0.592057761732852,0.46,0.8122743682310469,0.46,0.9530685920577617,0.08,0.23104693140794225,0.19333333333333333,0.51985559566787,0.24,0.6064981949458483,0.2733333333333333,0.6389891696750902
0.0,0.0,0.48,0.050724637681159424,0.7733333333333333,0.2391304347826087,0.8266666666666667,0.4528985507246377,0.7733333333333333,0.605072463768116,0.98,0.2318840579710145,1.0,0.5978260869565217,0.9466666666666667,0.7971014492753623,0.8933333333333333,0.9420289855072463,0.6933333333333334,0.2028985507246377,0.7466666666666667,0.6159420289855072,0.7066666666666667,0.8442028985507246,0.66,1.0,0.37333333333333335,0.21014492753623187,0.46,0.605072463768116,0.46,0.822463768115942,0.46,0.9637681159420289,0.08666666666666667,0.2427536231884058,0.20666666666666667,0.5434782608695652,0.26,0.6376811594202898,0.3,0.6811594202898551
0.0,0.0,0.48322147651006714,0.05128205128205128,0.785234899328859,0.22344322344322345,0.8322147651006712,0.4358974358974359,0.7785234899328859,0.5787545787545788,0.9865771812080537,0.2271062271062271,1.0,0.5860805860805861,0.9395973154362416,0.7912087912087912,0.8926174496644296,0.9413919413919414,0.697986577181208,0.19047619047619047,0.7516778523489933,0.6043956043956044,0.7046979865771812,0.8388278388278388,0.6510067114093959,1.0,0.37583892617449666,0.1978021978021978,0.4697986577181208,0.6043956043956044,0.4697986577181208,0.8241758241758241,0.46308724832214765,0.9597069597069597,0.087248322147651,0.23076923076923078,0.20134228187919462,0.5421245421245421,0.2550335570469799,0.6446886446886447,0.2953020134228188,0.684981684981685
0.0,0.0,0.48299319727891155,0.05434782608695652,0.782312925170068,0.23550724637681159,0.8299319727891157,0.4492753623188406,0.782312925170068,0.5942028985507246,1.0,0.23550724637681159,1.0,0.5942028985507246,0.9455782312925171,0.7934782608695652,0.891156462585034,0.9420289855072463,0.6938775510204082,0.19927536231884058,0.7414965986394558,0.6086956521739131,0.6938775510204082,0.8405797101449275,0.6394557823129252,1.0,0.36054421768707484,0.20652173913043478,0.4489795918367347,0.6014492753623188,0.4489795918367347,0.8188405797101449,0.4421768707482993,0.9601449275362319,0.06802721088435375,0.23550724637681159,0.17687074829931973,0.5362318840579711,0.22448979591836735,0.6268115942028986,0.2585034013605442,0.6630434782608695
0.0,0.0,0.4797297297297297,0.05755395683453238,0.7837837837837838,0.2302158273381295,0.831081081081081,0.43884892086330934,0.7702702702702703,0.5899280575539568,0.9864864864864865,0.22661870503597123,1.0,0.579136690647482,0.9459459459459459,0.7841726618705036,0.8918918918918919,0.935251798561151,0.6959459459459459,0.19784172661870503,0.75,0.60431654676259,0.7162162162162162,0.8381294964028777,0.668918918918919,1.0,0.36486486486486486,0.20503597122302158,0.4594594594594595,0.5971223021582733,0.46621621621621623,0.8165467625899281,0.46621621621621623,0.9568345323741008,0.06756756756756757,0.24100719424460432,0.19594594594594594,0.5359712230215827,0.25,0.6330935251798561,0.28378378378378377,0.6762589928057554
0.0,0.0,0.4666666666666667,0.05090909090909091,0.7733333333333333,0.22545454545454546,0.8266666666666667,0.43272727272727274,0.7866666666666666,0.5818181818181818,0.9866666666666667,0.21818181818181817,1.0,0.5818181818181818,0.9466666666666667,0.7890909090909091,0.8933333333333333,0.9381818181818182,0.7066666666666667,0.18545454545454546,0.76,0.6072727272727273,0.7133333333333334,0.84,0.6533333333333333,1.0,0.38,0.19636363636363635,0.47333333333333333,0.5963636363636363,0.47333333333333333,0.8181818181818182,0.48,0.96,0.1,0.2290909090909091,0.20666666666666667,0.5381818181818182,0.26,0.64,0.29333333333333333,0.68
0.0,0.0,0.47019867549668876,0.043478260869565216,0.7814569536423841,0.21739130434782608,0.8410596026490066,0.427536231884058,0.7947019867549668,0.5760869565217391,0.9735099337748344,0.21739130434782608,1.0,0.5797101449275363,0.9403973509933775,0.782608695652174,0.8807947019867549,0.927536231884058,0.6887417218543046,0.18478260869565216,0.7417218543046358,0.605072463768116,0.695364238410596,0.8405797101449275,0.6490066225165563,1.0,0.36423841059602646,0.19202898550724637,0.4503311258278146,0.5978260869565217,0.45695364238410596,0.822463768115942,0.46357615894039733,0.967391304347826,0.07947019867549669,0.2246376811594203,0.2052980132450331,0.532608695652174,0.25165562913907286,0.6231884057971014,0.2913907284768212,0.6594202898550725
0.0,0.0,0.47651006711409394,0.050724637681159424,0.7785234899328859,0.22826086956521738,0.8187919463087249,0.4420289855072464,0.7718120805369127,0.5942028985507246,0.9798657718120806,0.22826086956521738,1.0,0.5905797101449275,0.9463087248322147,0.7898550724637681,0.8926174496644296,0.9347826086956522,0.6912751677852349,0.1956521739130435,0.7516778523489933,0.6123188405797102,0.7046979865771812,0.8405797101449275,0.6510067114093959,1.0,0.3624161073825503,0.20652173913043478,0.4563758389261745,0.6086956521739131,0.4563758389261745,0.8260869565217391,0.44966442953020136,0.967391304347826,0.0738255033557047,0.2391304347826087,0.19463087248322147,0.5398550724637681,0.2348993288590604,0.6159420289855072,0.2550335570469799,0.6376811594202898
0.0,0.0,0.4768211920529801,0.04727272727272727,0.7814569536423841,0.22181818181818183,0.8145695364238411,0.43636363636363634,0.7417218543046358,0.5854545454545454,0.9735099337748344,0.21818181818181817,1.0,0.5818181818181818,0.9470198675496688,0.7818181818181819,0.9006622516556292,0.9345454545454546,0.6887417218543046,0.1890909090909091,0.7483443708609272,0.6,0.7086092715231788,0.8363636363636363,0.6688741721854304,1.0,0.36423841059602646,0.2,0.45695364238410596,0.6,0.46357615894039733,0.8218181818181818,0.46357615894039733,0.9672727272727273,0.07947019867549669,0.23272727272727273,0.2052980132450331,0.5381818181818182,0.25165562913907286,0.6327272727272727,0.2847682119205298,0.6727272727272727
0.0,0.0,0.48026315789473684,0.04395604395604396,0.7894736842105263,0.21611721611721613,0.8421052631578947,0.42857142857142855,0.7960526315789473,0.5714285714285714,0.993421052631579,0.21978021978021978,1.0,0.5860805860805861,0.9407894736842105,0.7912087912087912,0.8947368421052632,0.9413919413919414,0.7039473684210527,0.1794871794871795,0.743421052631579,0.6007326007326007,0.6973684210526315,0.8351648351648352,0.6447368421052632,1.0,0.375,0.18315018315018314,0.4605263157894737,0.5897435897435898,0.4605263157894737,0.8131868131868132,0.4605263157894737,0.9560439560439561,0.09210526315789473,0.21611721611721613,0.21052631578947367,0.5311355311355311,0.2565789473684211,0.6227106227106227,0.28289473684210525,0.6556776556776557
0.0,0.0,0.47058823529411764,0.04727272727272727,0.7777777777777778,0.22545454545454546,0.8366013071895425,0.44,0.7973856209150327,0.6,0.9738562091503268,0.21818181818181817,1.0,0.5781818181818181,0.9411764705882353,0.7818181818181819,0.8823529411764706,0.9309090909090909,0.6928104575163399,0.18545454545454546,0.7450980392156863,0.6,0.6928104575163399,0.8327272727272728,0.6339869281045751,1.0,0.37254901960784315,0.1890909090909091,0.46405228758169936,0.5854545454545454,0.45751633986928103,0.8109090909090909,0.45098039215686275,0.9563636363636364,0.0784313725490196,0.21818181818181817,0.20261437908496732,0.5163636363636364,0.2549019607843137,0.610909090909091,0.29411764705882354,0.6509090909090909
0.0,0.0,0.461038961038961,0.05434782608695652,0.7662337662337663,0.2391304347826087,0.8181818181818182,0.4601449275362319,0.7792207792207793,0.6159420289855072,0.974025974025974,0.21739130434782608,1.0,0.5833333333333334,0.9415584415584416,0.7862318840579711,0.8766233766233766,0.9347826086956522,0.6818181818181818,0.18115942028985507,0.7532467532467533,0.6014492753623188,0.6948051948051948,0.8369565217391305,0.6363636363636364,1.0,0.36363636363636365,0.19202898550724637,0.4675324675324675,0.5978260869565217,0.461038961038961,0.822463768115942,0.45454545454545453,0.9637681159420289,0.08441558441558442,0.2246376811594203,0.21428571428571427,0.5398550724637681,0.2597402597402597,0.6195652173913043,0.2857142857142857,0.644927536231884
0.0,0.0,0.48344370860927155,0.050359712230215826,0.7814569536423841,0.2302158273381295,0.8344370860927153,0.43884892086330934,0.7814569536423841,0.5899280575539568,0.9801324503311258,0.2302158273381295,1.0,0.5899280575539568,0.9403973509933775,0.7877697841726619,0.8874172185430463,0.935251798561151,0.695364238410596,0.2014388489208633,0.7350993377483444,0.6151079136690647,0.6821192052980133,0.841726618705036,0.6225165562913907,1.0,0.3708609271523179,0.20863309352517986,0.45695364238410596,0.6079136690647482,0.4503311258278146,0.8201438848920863,0.4370860927152318,0.9568345323741008,0.07947019867549669,0.23741007194244604,0.19205298013245034,0.5359712230215827,0.23841059602649006,0.6187050359712231,0.26490066225165565,0.6474820143884892
0.0,0.0,0.47297297297297297,0.061371841155234655,0.777027027027027,0.24187725631768953,0.831081081081081,0.4548736462093863,0.777027027027027,0.6064981949458483,0.9797297297297297,0.23104693140794225,1.0,0.592057761732852,0.9391891891891891,0.7942238267148014,0.8783783783783784,0.9386281588447654,0.6824324324324325,0.19494584837545126,0.7364864864864865,0.6101083032490975,0.6891891891891891,0.8411552346570397,0.6283783783783784,1.0,0.35135135135135137,0.20216606498194944,0.44594594594594594,0.6028880866425993,0.44594594594594594,0.8231046931407943,0.44594594594594594,0.9638989169675091,0.05405405405405406,0.23465703971119134,0.18243243243243243,0.5415162454873647,0.24324324324324326,0.6389891696750902,0.28378378378378377,0.6859205776173285
0.0,0.0,0.4864864864864865,0.05474452554744526,0.7972972972972973,0.23357664233576642,0.8378378378378378,0.45255474452554745,0.7702702702702703,0.5985401459854015,1.0,0.22262773722627738,0.9932432432432432,0.5875912408759124,0.9324324324324325,0.791970802919708,0.8783783783783784,0.9452554744525548,0.6891891891891891,0.18248175182481752,0.7297297297297297,0.6021897810218978,0.6824324324324325,0.8357664233576643,0.6283783783783784,1.0,0.3581081081081081,0.1897810218978102,0.4391891891891892,0.5912408759124088,0.44594594594594594,0.8138686131386861,0.44594594594594594,0.9598540145985401,0.07432432432432433,0.22262773722627738,0.18243243243243243,0.5291970802919708,0.23648648648648649,0.6313868613138686,0.27702702702702703,0.6788321167883211
0.0,0.0,0.4864864864864865,0.05415162454873646,0.7905405405405406,0.23104693140794225,0.8378378378378378,0.44765342960288806,0.7905405405405406,0.592057761732852,0.9932432432432432,0.22743682310469315,1.0,0.5848375451263538,0.9391891891891891,0.7833935018050542,0.8851351351351351,0.927797833935018,0.6824324324324325,0.19133574007220217,0.722972972972973,0.6101083032490975,0.6621621621621622,0.8375451263537906,0.6148648648648649,1.0,0.34459459459459457,0.19855595667870035,0.4391891891891892,0.6028880866425993,0.43243243243243246,0.8158844765342961,0.42567567567567566,0.9530685920577617,0.0472972972972973,0.23104693140794225,0.1891891891891892,0.5451263537906137,0.25675675675675674,0.6245487364620939,0.2905405405405405,0.6498194945848376
0.0,0.0,0.4897959183673469,0.057971014492753624,0.8027210884353742,0.2391304347826087,0.8435374149659864,0.4528985507246377,0.782312925170068,0.605072463768116,1.0,0.2318840579710145,0.9931972789115646,0.5942028985507246,0.9251700680272109,0.7934782608695652,0.8639455782312925,0.9420289855072463,0.6938775510204082,0.1956521739130435,0.7074829931972789,0.6086956521739131,0.6530612244897959,0.8369565217391305,0.5918367346938775,1.0,0.35374149659863946,0.2028985507246377,0.4217687074829932,0.6014492753623188,0.4217687074829932,0.8188405797101449,0.41496598639455784,0.9565217391304348,0.05442176870748299,0.2318840579710145,0.17006802721088435,0.5398550724637681,0.23129251700680273,0.6376811594202898,0.2789115646258503,0.6847826086956522
0.0,0.0,0.5,0.06521739130434782,0.8125,0.2536231884057971,0.8333333333333334,0.4673913043478261,0.75,0.6123188405797102,1.0,0.2318840579710145,0.9722222222222222,0.5905797101449275,0.9027777777777778,0.7934782608695652,0.8472222222222222,0.9420289855072463,0.6666666666666666,0.1956521739130435,0.6666666666666666,0.6014492753623188,0.6111111111111112,0.8333333333333334,0.5555555555555556,1.0,0.3194444444444444,0.19927536231884058,0.3819444444444444,0.5978260869565217,0.3819444444444444,0.8079710144927537,0.3819444444444444,0.9492753623188406,0.027777777777777776,0.2318840579710145,0.1388888888888889,0.5362318840579711,0.2013888888888889,0.6413043478260869,0.24305555555555555,0.6920289855072463
0.0,0.0,0.49645390070921985,0.0683453237410072,0.8085106382978723,0.25539568345323743,0.8297872340425532,0.4712230215827338,0.75177304964539,0.6115107913669064,1.0,0.22661870503597123,0.9716312056737588,0.5827338129496403,0.8936170212765957,0.7841726618705036,0.8368794326241135,0.9316546762589928,0.6595744680851063,0.19424460431654678,0.6595744680851063,0.6007194244604317,0.6028368794326241,0.8345323741007195,0.5531914893617021,1.0,0.3049645390070922,0.2014388489208633,0.36879432624113473,0.6007194244604317,0.36879432624113473,0.8129496402877698,0.375886524822695,0.9496402877697842,0.0070921985815602835,0.23381294964028776,0.1276595744680851,0.5359712230215827,0.19858156028368795,0.6402877697841727,0.24822695035460993,0.6906474820143885
0.04225352112676056,0.0,0.5211267605633803,0.07692307692307693,0.8309859154929577,0.2673992673992674,0.8309859154929577,0.4908424908424908,0.7746478873239436,0.6446886446886447,1.0,0.1978021978021978,0.9647887323943662,0.5604395604395604,0.8943661971830986,0.7765567765567766,0.8169014084507042,0.945054945054945,0.6408450704225352,0.1575091575091575,0.647887323943662,0.575091575091575,0.5774647887323944,0.8241758241758241,0.5140845070422535,1.0,0.2887323943661972,0.16483516483516483,0.352112676056338,0.5824175824175825,0.34507042253521125,0.8058608058608059,0.3380281690140845,0.945054945054945,0.0,0.20512820512820512,0.1056338028169014,0.5238095238095238,0.176056338028169,0.6410256410256411,0.21830985915492956,0.6996336996336996
0.14383561643835616,0.0,0.6095890410958904,0.07924528301886792,0.8767123287671232,0.27547169811320754,0.8287671232876712,0.5207547169811321,0.7191780821917808,0.6943396226415094,1.0,0.17358490566037735,0.958904109589041,0.5509433962264151,0.8835616438356164,0.769811320754717,0.8082191780821918,0.9358490566037736,0.6301369863013698,0.12452830188679245,0.6164383561643836,0.5584905660377358,0.5684931506849316,0.8188679245283019,0.5136986301369864,1.0,0.273972602739726,0.1320754716981132,0.3082191780821918,0.5584905660377358,0.3356164383561644,0.7924528301886793,0.3356164383561644,0.9358490566037736,0.0,0.17358490566037735,0.10273972602739725,0.49056603773584906,0.19863013698630136,0.6188679245283019,0.2534246575342466,0.6792452830188679
0.16312056737588654,0.0,0.6170212765957447,0.09056603773584905,0.8936170212765957,0.27547169811320754,0.8652482269503546,0.5132075471698113,0.7801418439716312,0.690566037735849,1.0,0.1509433962264151,0.9787234042553191,0.5207547169811321,0.9148936170212766,0.7471698113207547,0.8368794326241135,0.9245283018867925,0.624113475177305,0.1169811320754717,0.6382978723404256,0.5509433962264151,0.6028368794326241,0.8150943396226416,0.5531914893617021,1.0,0.2695035460992908,0.1320754716981132,0.3120567375886525,0.5547169811320755,0.3475177304964539,0.7886792452830189,0.3546099290780142,0.9283018867924528,0.0,0.17735849056603772,0.09219858156028368,0.4830188679245283,0.19858156028368795,0.6075471698113207,0.2695035460992908,0.6754716981132075
0.16428571428571428,0.0,0.6,0.07984790874524715,0.8928571428571429,0.2623574144486692,0.8785714285714286,0.5057034220532319,0.8071428571428572,0.6768060836501901,1.0,0.11787072243346007,0.9928571428571429,0.49429657794676807,0.9428571428571428,0.7300380228136882,0.8785714285714286,0.9163498098859315,0.6142857142857143,0.09125475285171103,0.6642857142857143,0.5285171102661597,0.6571428571428571,0.8022813688212928,0.6214285714285714,1.0,0.2642857142857143,0.11406844106463879,0.34285714285714286,0.5437262357414449,0.4142857142857143,0.7832699619771863,0.44285714285714284,0.935361216730038,0.0,0.16730038022813687,0.15,0.4866920152091255,0.29285714285714287,0.6311787072243346,0.38571428571428573,0.7224334600760456
0.15,0.0,0.5857142857142857,0.08366533864541832,0.8571428571428571,0.2749003984063745,0.8357142857142857,0.5219123505976095,0.7642857142857142,0.6972111553784861,0.9714285714285714,0.08366533864541832,1.0,0.46613545816733065,0.9428571428571428,0.7131474103585658,0.8642857142857143,0.9123505976095617,0.6,0.05179282868525897,0.6785714285714286,0.5139442231075697,0.6714285714285714,0.796812749003984,0.6357142857142857,1.0,0.2642857142857143,0.08764940239043825,0.36428571428571427,0.545816733067729,0.45,0.7928286852589641,0.4785714285714286,0.9442231075697212,0.0,0.1553784860557769,0.15,0.5059760956175299,0.29285714285714287,0.6852589641434262,0.37142857142857144,0.8047808764940239
0.1590909090909091,0.0,0.6136363636363636,0.09375,0.8863636363636364,0.296875,0.8787878787878788,0.546875,0.7954545454545454,0.73046875,0.9848484848484849,0.109375,1.0,0.48828125,0.9545454545454546,0.734375,0.8787878787878788,0.92578125,0.6136363636363636,0.07421875,0.6666666666666666,0.5390625,0.6363636363636364,0.80859375,0.6060606060606061,1.0,0.2727272727272727,0.10546875,0.32575757575757575,0.546875,0.3939393939393939,0.796875,0.4166666666666667,0.95703125,0.0,0.16796875,0.11363636363636363,0.51171875,0.25,0.703125,0.32575757575757575,0.84375
0.13953488372093023,0.0,0.5813953488372093,0.08300395256916997,0.8604651162790697,0.26877470355731226,0.8449612403100775,0.5138339920948617,0.7596899224806202,0.6956521739130435,1.0,0.08695652173913043,0.9922480620155039,0.4743083003952569,0.9147286821705426,0.7233201581027668,0.8217054263565892,0.9169960474308301,0.6201550387596899,0.05928853754940711,0.6434108527131783,0.5138339920948617,0.6356589147286822,0.7944664031620553,0.6201550387596899,1.0,0.2713178294573643,0.09486166007905138,0.31007751937984496,0.5335968379446641,0.3798449612403101,0.7865612648221344,0.40310077519379844,0.9525691699604744,0.0,0.16205533596837945,0.10852713178294573,0.5059288537549407,0.24806201550387597,0.6996047430830039,0.31007751937984496,0.8379446640316206
0.1796875,0.0,0.609375,0.1,0.8671875,0.292,0.84375,0.528,0.765625,0.7,1.0,0.108,0.9765625,0.484,0.921875,0.736,0.8515625,0.936,0.6328125,0.072,0.65625,0.496,0.65625,0.784,0.6484375,1.0,0.28125,0.096,0.3203125,0.508,0.390625,0.776,0.421875,0.964,0.0,0.16,0.09375,0.496,0.21875,0.704,0.296875,0.86
0.1953125,0.0,0.625,0.0784313725490196,0.8828125,0.2784313725490196,0.859375,0.5176470588235295,0.7890625,0.6862745098039216,1.0,0.11372549019607843,0.9921875,0.49411764705882355,0.9375,0.7411764705882353,0.8671875,0.9294117647058824,0.6328125,0.09019607843137255,0.671875,0.5333333333333333,0.671875,0.807843137254902,0.65625,1.0,0.28125,0.12549019607843137,0.3359375,0.5490196078431373,0.4296875,0.803921568627451,0.4765625,0.9764705882352941,0.0,0.18823529411764706,0.125,0.5137254901960784,0.265625,0.7098039215686275,0.3515625,0.8588235294117647
0.1925925925925926,0.0,0.6074074074074074,0.05813953488372093,0.8888888888888888,0.24806201550387597,0.8666666666666667,0.49612403100775193,0.7851851851851852,0.6627906976744186,1.0,0.10077519379844961,1.0,0.4883720930232558,0.9333333333333333,0.7209302325581395,0.8666666666666667,0.8992248062015504,0.6148148148148148,0.09302325581395349,0.674074074074074,0.5465116279069767,0.6888888888888889,0.810077519379845,0.6814814814814815,1.0,0.26666666666666666,0.13178294573643412,0.34074074074074073,0.5775193798449613,0.4666666666666667,0.8217054263565892,0.5259259259259259,0.9806201550387597,0.0,0.20155038759689922,0.14814814814814814,0.5310077519379846,0.2962962962962963,0.7054263565891473,0.3925925925925926,0.8333333333333334
0.12307692307692308,0.0,0.5615384615384615,0.05179282868525897,0.8538461538461538,0.2350597609561753,0.8692307692307693,0.4860557768924303,0.8,0.6533864541832669,0.9769230769230769,0.10756972111553785,1.0,0.4820717131474104,0.9384615384615385,0.7171314741035857,0.8846153846153846,0.896414342629482,0.6076923076923076,0.099601593625498,0.676923076923077,0.5298804780876494,0.7,0.796812749003984,0.7076923076923077,0.9880478087649402,0.26153846153846155,0.1394422310756972,0.3769230769230769,0.5617529880478087,0.5076923076923077,0.8247011952191236,0.5769230769230769,1.0,0.0,0.2151394422310757,0.16153846153846155,0.5418326693227091,0.3076923076923077,0.7330677290836654,0.4,0.8804780876494024
0.09523809523809523,0.0,0.5317460317460317,0.05179282868525897,0.8253968253968254,0.24302788844621515,0.8333333333333334,0.4940239043824701,0.7777777777777778,0.6733067729083665,0.9603174603174603,0.09561752988047809,1.0,0.4900398406374502,0.9444444444444444,0.7290836653386454,0.8809523809523809,0.9123505976095617,0.6031746031746031,0.08764940239043825,0.6825396825396826,0.5298804780876494,0.7063492063492064,0.796812749003984,0.6984126984126984,0.9840637450199203,0.2698412698412698,0.13147410358565736,0.36507936507936506,0.5657370517928287,0.47619047619047616,0.8207171314741036,0.5396825396825397,1.0,0.0,0.20717131474103587,0.12698412698412698,0.545816733067729,0.2698412698412698,0.7410358565737052,0.36507936507936506,0.896414342629482
0.13846153846153847,0.0,0.5769230769230769,0.0622568093385214,0.8538461538461538,0.2529182879377432,0.8692307692307693,0.4980544747081712,0.8153846153846154,0.669260700389105,0.9846153846153847,0.11284046692607004,1.0,0.4980544747081712,0.9538461538461539,0.7431906614785992,0.9,0.9260700389105059,0.6153846153846154,0.10505836575875487,0.676923076923077,0.5486381322957199,0.7,0.8132295719844358,0.7,1.0,0.27692307692307694,0.14396887159533073,0.36153846153846153,0.5719844357976653,0.4846153846153846,0.8171206225680934,0.5538461538461539,0.9844357976653697,0.0,0.21011673151750973,0.14615384615384616,0.5408560311284046,0.2923076923076923,0.7276264591439688,0.38461538461538464,0.8715953307392996
0.11627906976744186,0.0,0.5658914728682171,0.03557312252964427,0.8682170542635659,0.22924901185770752,0.8682170542635659,0.4980237154150198,0.7829457364341085,0.6719367588932806,0.9844961240310077,0.09881422924901186,1.0,0.49407114624505927,0.9457364341085271,0.7272727272727273,0.875968992248062,0.9090909090909091,0.6046511627906976,0.09881422924901186,0.6589147286821705,0.541501976284585,0.6821705426356589,0.8063241106719368,0.6821705426356589,1.0,0.2558139534883721,0.1422924901185771,0.3488372093023256,0.5810276679841897,0.46511627906976744,0.8221343873517787,0.5271317829457365,0.9881422924901185,0.0,0.21739130434782608,0.16279069767441862,0.549407114624506,0.3023255813953488,0.7233201581027668,0.3875968992248062,0.8537549407114624
0.09375,0.0,0.5390625,0.051587301587301584,0.8515625,0.23809523809523808,0.859375,0.5,0.7890625,0.6746031746031746,0.984375,0.09523809523809523,1.0,0.48412698412698413,0.9453125,0.7222222222222222,0.875,0.9087301587301587,0.609375,0.09523809523809523,0.6640625,0.5238095238095238,0.671875,0.7976190476190477,0.6640625,1.0,0.2734375,0.14285714285714285,0.359375,0.5674603174603174,0.46875,0.8214285714285714,0.5234375,1.0,0.0,0.2222222222222222,0.15625,0.5515873015873016,0.296875,0.7420634920634921,0.375,0.8928571428571429
0.128,0.0,0.576,0.06692913385826772,0.848,0.2559055118110236,0.848,0.5078740157480315,0.768,0.6771653543307087,0.984,0.1062992125984252,1.0,0.4921259842519685,0.944,0.7283464566929134,0.872,0.9094488188976378,0.616,0.0984251968503937,0.672,0.5433070866141733,0.672,0.8110236220472441,0.664,1.0,0.272,0.1377952755905512,0.352,0.5708661417322834,0.456,0.8228346456692913,0.512,0.9960629921259843,0.0,0.20866141732283464,0.144,0.5393700787401575,0.288,0.7204724409448819,0.376,0.8622047244094488
0.09523809523809523,0.0,0.5238095238095238,0.04780876494023904,0.8253968253968254,0.24302788844621515,0.8333333333333334,0.5099601593625498,0.7619047619047619,0.6932270916334662,0.9841269841269841,0.10358565737051793,1.0,0.49800796812749004,0.9206349206349206,0.7370517928286853,0.8333333333333334,0.9163346613545816,0.6111111111111112,0.10358565737051793,0.6507936507936508,0.5577689243027888,0.6349206349206349,0.8167330677290837,0.6190476190476191,1.0,0.2698412698412698,0.14342629482071714,0.3412698412698413,0.5856573705179283,0.42857142857142855,0.8286852589641435,0.46825396825396826,0.9880478087649402,0.0,0.20717131474103587,0.15079365079365079,0.5418326693227091,0.2777777777777778,0.7211155378486056,0.3412698412698413,0.852589641434263
0.109375,0.0,0.5546875,0.058823529411764705,0.8515625,0.25098039215686274,0.8671875,0.5058823529411764,0.796875,0.6784313725490196,0.9921875,0.11372549019607843,1.0,0.4980392156862745,0.9296875,0.7333333333333333,0.8515625,0.9137254901960784,0.625,0.09019607843137255,0.6484375,0.5333333333333333,0.6484375,0.803921568627451,0.6171875,1.0,0.28125,0.12156862745098039,0.3359375,0.5450980392156862,0.40625,0.788235294117647,0.4375,0.9529411764705882,0.0,0.1843137254901961,0.1328125,0.5098039215686274,0.265625,0.6980392156862745,0.3359375,0.8392156862745098
0.12,0.0,0.552,0.052,0.84,0.244,0.856,0.508,0.808,0.688,0.984,0.108,1.0,0.5,0.944,0.744,0.872,0.928,0.624,0.1,0.672,0.548,0.68,0.812,0.664,1.0,0.28,0.136,0.36,0.564,0.456,0.796,0.504,0.956,0.0,0.208,0.136,0.532,0.272,0.716,0.352,0.86
0.0967741935483871,0.0,0.5241935483870968,0.05859375,0.8225806451612904,0.25390625,0.8467741935483871,0.5078125,0.782258064516129,0.68359375,0.9919354838709677,0.12109375,1.0,0.5,0.9435483870967742,0.7421875,0.8790322580645161,0.92578125,0.6370967741935484,0.109375,0.6935483870967742,0.53515625,0.6854838709677419,0.80078125,0.6693548387096774,1.0,0.29838709677419356,0.14453125,0.3629032258064516,0.55859375,0.46774193548387094,0.81640625,0.532258064516129,1.0,0.0,0.2109375,0.12903225806451613,0.5390625,0.2661290322580645,0.74609375,0.3467741935483871,0.91015625
0.05042016806722689,0.0,0.4957983193277311,0.06048387096774194,0.8151260504201681,0.24193548387096775,0.8403361344537815,0.49193548387096775,0.7815126050420168,0.6693548387096774,0.9747899159663865,0.0846774193548387,1.0,0.47580645161290325,0.9411764705882353,0.717741935483871,0.865546218487395,0.907258064516129,0.6218487394957983,0.07258064516129033,0.6722689075630253,0.5161290322580645,0.6722689075630253,0.7903225806451613,0.6554621848739496,0.9919354838709677,0.2773109243697479,0.11290322580645161,0.3445378151260504,0.5443548387096774,0.44537815126050423,0.8104838709677419,0.4957983193277311,1.0,0.0,0.18548387096774194,0.11764705882352941,0.5201612903225806,0.25210084033613445,0.7217741935483871,0.33613445378151263,0.8790322580645161
0.10655737704918032,0.0,0.5327868852459017,0.08366533864541832,0.8032786885245902,0.26693227091633465,0.819672131147541,0.49800796812749004,0.7786885245901639,0.6653386454183267,0.9836065573770492,0.099601593625498,1.0,0.47808764940239046,0.9508196721311475,0.7250996015936255,0.8688524590163934,0.9123505976095617,0.639344262295082,0.07569721115537849,0.6885245901639344,0.5378486055776892,0.6721311475409836,0.8087649402390438,0.639344262295082,1.0,0.29508196721311475,0.10756972111553785,0.36065573770491804,0.549800796812749,0.4180327868852459,0.8047808764940239,0.4262295081967213,0.9760956175298805,0.0,0.17131474103585656,0.13114754098360656,0.5059760956175299,0.26229508196721313,0.7131474103585658,0.32786885245901637,0.8685258964143426
0.12598425196850394,0.0,0.5354330708661418,0.09803921568627451,0.8031496062992126,0.2901960784313726,0.8110236220472441,0.5176470588235295,0.7637795275590551,0.6823529411764706,1.0,0.12941176470588237,0.9921259842519685,0.4980392156862745,0.9291338582677166,0.7450980392156863,0.8503937007874016,0.9333333333333333,0.6535433070866141,0.09411764705882353,0.6929133858267716,0.5294117647058824,0.6692913385826772,0.803921568627451,0.6456692913385826,1.0,0.2992125984251969,0.11372549019607843,0.36220472440944884,0.5411764705882353,0.4251968503937008,0.8,0.44881889763779526,0.9686274509803922,0.0,0.16470588235294117,0.14960629921259844,0.4980392156862745,0.2755905511811024,0.6980392156862745,0.3464566929133858,0.8431372549019608
0.07377049180327869,0.0,0.5,0.07874015748031496,0.7950819672131147,0.27165354330708663,0.819672131147541,0.5118110236220472,0.7868852459016393,0.6811023622047244,1.0,0.12992125984251968,1.0,0.5039370078740157,0.9344262295081968,0.7480314960629921,0.8688524590163934,0.9330708661417323,0.6557377049180327,0.0984251968503937,0.6885245901639344,0.5393700787401575,0.680327868852459,0.8070866141732284,0.6639344262295082,1.0,0.30327868852459017,0.12598425196850394,0.3524590163934426,0.5551181102362205,0.4262295081967213,0.8070866141732284,0.45901639344262296,0.9724409448818898,0.0,0.1889763779527559,0.11475409836065574,0.5275590551181102,0.2459016393442623,0.7362204724409449,0.319672131147541,0.8937007874015748
0.025,0.0,0.4583333333333333,0.08,0.7666666666666667,0.268,0.8,0.508,0.775,0.684,1.0,0.12,0.9916666666666667,0.504,0.9166666666666666,0.748,0.8416666666666667,0.936,0.6583333333333333,0.084,0.6916666666666667,0.536,0.6583333333333333,0.808,0.6166666666666667,1.0,0.30833333333333335,0.104,0.375,0.548,0.43333333333333335,0.804,0.45,0.976,0.0,0.168,0.125,0.512,0.25,0.724,0.31666666666666665,0.884
0.06666666666666667,0.0,0.49166666666666664,0.07279693486590039,0.7833333333333333,0.26436781609195403,0.825,0.4942528735632184,0.8,0.6590038314176245,0.9833333333333333,0.12643678160919541,1.0,0.49808429118773945,0.95,0.735632183908046,0.875,0.9157088122605364,0.6333333333333333,0.1111111111111111,0.6666666666666666,0.5440613026819924,0.6583333333333333,0.8122605363984674,0.6416666666666667,1.0,0.2916666666666667,0.1417624521072797,0.31666666666666665,0.5593869731800766,0.36666666666666664,0.7969348659003831,0.38333333333333336,0.9578544061302682,0.0,0.19540229885057472,0.125,0.524904214559387,0.24166666666666667,0.7164750957854407,0.30833333333333335,0.8659003831417624
0.05,0.0,0.5,0.06274509803921569,0.8,0.25882352941176473,0.8166666666666667,0.5058823529411764,0.7583333333333333,0.6745098039215687,0.9833333333333333,0.13725490196078433,1.0,0.5058823529411764,0.925,0.7372549019607844,0.85,0.9137254901960784,0.65,0.11372549019607843,0.675,0.5490196078431373,0.6583333333333333,0.8117647058823529,0.6333333333333333,1.0,0.3,0.13725490196078433,0.35833333333333334,0.5607843137254902,0.425,0.8196078431372549,0.4583333333333333,1.0,0.0,0.19607843137254902,0.14166666666666666,0.5215686274509804,0.25833333333333336,0.7176470588235294,0.325,0.8705882352941177
0.05042016806722689,0.0,0.4957983193277311,0.05791505791505792,0.8067226890756303,0.25096525096525096,0.8151260504201681,0.5057915057915058,0.773109243697479,0.6795366795366795,0.9663865546218487,0.13513513513513514,1.0,0.5057915057915058,0.9327731092436975,0.7413127413127413,0.8571428571428571,0.915057915057915,0.6302521008403361,0.12355212355212356,0.6722689075630253,0.5482625482625483,0.6470588235294118,0.8108108108108109,0.6050420168067226,1.0,0.29411764705882354,0.1583011583011583,0.35294117647058826,0.5714285714285714,0.42016806722689076,0.8146718146718147,0.4369747899159664,0.9845559845559846,0.0,0.22393822393822393,0.11764705882352941,0.5405405405405406,0.23529411764705882,0.7335907335907336,0.3025210084033613,0.8918918918918919
0.15503875968992248,0.0,0.6124031007751938,0.053231939163498096,0.8992248062015504,0.24714828897338403,0.8837209302325582,0.49429657794676807,0.8062015503875969,0.6539923954372624,0.9844961240310077,0.14068441064638784,1.0,0.5095057034220533,0.937984496124031,0.7338403041825095,0.875968992248062,0.9011406844106464,0.6046511627906976,0.12927756653992395,0.6356589147286822,0.55893536121673,0.6434108527131783,0.8136882129277566,0.627906976744186,1.0,0.2558139534883721,0.155893536121673,0.3333333333333333,0.5741444866920152,0.4108527131782946,0.8136882129277566,0.4418604651162791,0.9695817490494296,0.0,0.21673003802281368,0.15503875968992248,0.5247148288973384,0.27906976744186046,0.6920152091254753,0.35658914728682173,0.8136882129277566
0.15789473684210525,0.0,0.6015037593984962,0.060836501901140684,0.8872180451127819,0.25475285171102663,0.8646616541353384,0.5019011406844106,0.7969924812030075,0.6615969581749049,0.9774436090225563,0.1482889733840304,1.0,0.5209125475285171,0.9473684210526315,0.7452471482889734,0.8796992481203008,0.9125475285171103,0.5939849624060151,0.13688212927756654,0.6390977443609023,0.5665399239543726,0.6240601503759399,0.8212927756653993,0.6015037593984962,1.0,0.2556390977443609,0.1596958174904943,0.3233082706766917,0.5741444866920152,0.39849624060150374,0.8098859315589354,0.43609022556390975,0.9657794676806084,0.0,0.21292775665399238,0.16541353383458646,0.5019011406844106,0.2932330827067669,0.6311787072243346,0.3684210526315789,0.7186311787072244
0.10852713178294573,0.0,0.5658914728682171,0.056818181818181816,0.8604651162790697,0.2537878787878788,0.8294573643410853,0.5,0.751937984496124,0.6628787878787878,1.0,0.16287878787878787,0.9922480620155039,0.5303030303030303,0.9302325581395349,0.75,0.8682170542635659,0.9166666666666666,0.6124031007751938,0.15151515151515152,0.627906976744186,0.5606060606060606,0.6124031007751938,0.8143939393939394,0.5813953488372093,1.0,0.26356589147286824,0.17803030303030304,0.3333333333333333,0.5757575757575758,0.3953488372093023,0.8143939393939394,0.4186046511627907,0.9810606060606061,0.0,0.22727272727272727,0.16279069767441862,0.5151515151515151,0.2713178294573643,0.6628787878787878,0.3333333333333333,0.7727272727272727
0.11538461538461539,0.0,0.5769230769230769,0.048507462686567165,0.8692307692307693,0.24253731343283583,0.8538461538461538,0.48507462686567165,0.8,0.6417910447761194,0.9846153846153847,0.14925373134328357,1.0,0.5149253731343284,0.9461538461538461,0.7350746268656716,0.8846153846153846,0.8992537313432836,0.5923076923076923,0.1455223880597015,0.6307692307692307,0.5597014925373134,0.6153846153846154,0.8171641791044776,0.5846153846153846,1.0,0.24615384615384617,0.17537313432835822,0.33076923076923076,0.5708955223880597,0.3923076923076923,0.8059701492537313,0.4230769230769231,0.9589552238805971,0.0,0.23134328358208955,0.16923076923076924,0.503731343283582,0.2846153846153846,0.6343283582089553,0.34615384615384615,0.7238805970149254
0.1076923076923077,0.0,0.5615384615384615,0.05474452554744526,0.8538461538461538,0.2518248175182482,0.8384615384615385,0.4854014598540146,0.7923076923076923,0.6423357664233577,0.9846153846153847,0.17518248175182483,1.0,0.5255474452554745,0.9461538461538461,0.7372262773722628,0.8769230769230769,0.8978102189781022,0.5923076923076923,0.1678832116788321,0.6461538461538462,0.5547445255474452,0.6230769230769231,0.8138686131386861,0.5923076923076923,1.0,0.25384615384615383,0.19343065693430658,0.33076923076923076,0.572992700729927,0.38461538461538464,0.8138686131386861,0.4,0.9708029197080292,0.0,0.24452554744525548,0.18461538461538463,0.5072992700729927,0.3,0.6277372262773723,0.36153846153846153,0.7116788321167883
0.08661417322834646,0.0,0.5669291338582677,0.054945054945054944,0.8661417322834646,0.2564102564102564,0.8267716535433071,0.4945054945054945,0.7637795275590551,0.652014652014652,1.0,0.1794871794871795,0.9921259842519685,0.5421245421245421,0.937007874015748,0.7509157509157509,0.8818897637795275,0.9120879120879121,0.5905511811023622,0.17582417582417584,0.6141732283464567,0.5677655677655677,0.5984251968503937,0.8168498168498168,0.5590551181102362,1.0,0.2440944881889764,0.20146520146520147,0.30708661417322836,0.5897435897435898,0.3700787401574803,0.8168498168498168,0.3858267716535433,0.9633699633699634,0.0,0.2564102564102564,0.16535433070866143,0.5201465201465202,0.28346456692913385,0.6227106227106227,0.3543307086614173,0.6923076923076923
0.07751937984496124,0.0,0.5503875968992248,0.05415162454873646,0.8449612403100775,0.259927797833935,0.8062015503875969,0.49458483754512633,0.751937984496124,0.6462093862815884,1.0,0.20216606498194944,0.9922480620155039,0.555956678700361,0.937984496124031,0.7545126353790613,0.8837209302325582,0.9097472924187726,0.6046511627906976,0.19494584837545126,0.6201550387596899,0.5776173285198556,0.5968992248062015,0.8194945848375451,0.5658914728682171,1.0,0.2558139534883721,0.21660649819494585,0.3178294573643411,0.592057761732852,0.35658914728682173,0.8231046931407943,0.3643410852713178,0.9783393501805054,0.0,0.26353790613718414,0.17054263565891473,0.516245487364621,0.27906976744186046,0.6028880866425993,0.3488372093023256,0.6606498194945848
0.09302325581395349,0.0,0.5426356589147286,0.06028368794326241,0.813953488372093,0.2730496453900709,0.751937984496124,0.5141843971631206,0.689922480620155,0.6631205673758865,1.0,0.2127659574468085,0.9689922480620154,0.5673758865248227,0.9147286821705426,0.7624113475177305,0.8682170542635659,0.9113475177304965,0.5968992248062015,0.20567375886524822,0.6201550387596899,0.574468085106383,0.5891472868217055,0.8120567375886525,0.5658914728682171,0.9858156028368794,0.24806201550387597,0.22340425531914893,0.31007751937984496,0.5851063829787234,0.34108527131782945,0.8262411347517731,0.34108527131782945,1.0,0.0,0.2730496453900709,0.17054263565891473,0.524822695035461,0.2713178294573643,0.6382978723404256,0.34108527131782945,0.7269503546099291
0.06349206349206349,0.0,0.5396825396825397,0.0673758865248227,0.8095238095238095,0.2730496453900709,0.7380952380952381,0.5035460992907801,0.6746031746031746,0.648936170212766,1.0,0.22340425531914893,0.9682539682539683,0.574468085106383,0.9126984126984127,0.7659574468085106,0.8650793650793651,0.9184397163120568,0.6111111111111112,0.2127659574468085,0.6190476190476191,0.574468085106383,0.5873015873015873,0.8120567375886525,0.5476190476190477,0.9893617021276596,0.2619047619047619,0.23049645390070922,0.30952380952380953,0.5851063829787234,0.3253968253968254,0.8262411347517731,0.31746031746031744,1.0,0.0,0.2765957446808511,0.16666666666666666,0.5177304964539007,0.2698412698412698,0.6312056737588653,0.3333333333333333,0.7163120567375887
0.047619047619047616,0.0,0.5317460317460317,0.06498194945848375,0.8015873015873016,0.2743682310469314,0.7380952380952381,0.5090252707581228,0.6746031746031746,0.6606498194945848,1.0,0.22021660649819494,0.9603174603174603,0.5740072202166066,0.9126984126984127,0.7725631768953068,0.873015873015873,0.927797833935018,0.6111111111111112,0.20216606498194944,0.626984126984127,0.5848375451263538,0.6031746031746031,0.8231046931407943,0.5634920634920635,0.9963898916967509,0.2619047619047619,0.22021660649819494,0.31746031746031744,0.592057761732852,0.3412698412698413,0.8303249097472925,0.3412698412698413,1.0,0.0,0.26714801444043323,0.15873015873015872,0.5306859205776173,0.25396825396825395,0.6534296028880866,0.30952380952380953,0.7472924187725631
0.06299212598425197,0.0,0.5433070866141733,0.061371841155234655,0.8267716535433071,0.26714801444043323,0.7637795275590551,0.5054151624548736,0.7007874015748031,0.6570397111913358,1.0,0.21660649819494585,0.968503937007874,0.5667870036101083,0.9291338582677166,0.7653429602888087,0.8818897637795275,0.9169675090252708,0.6141732283464567,0.21299638989169675,0.6220472440944882,0.5812274368231047,0.5984251968503937,0.8158844765342961,0.5748031496062992,0.9927797833935018,0.25984251968503935,0.23465703971119134,0.31496062992125984,0.6028880866425993,0.3228346456692913,0.8375451263537906,0.31496062992125984,1.0,0.0,0.2779783393501805,0.15748031496062992,0.5379061371841155,0.2440944881889764,0.6498194945848376,0.30708661417322836,0.7364620938628159
0.09448818897637795,0.0,0.5590551181102362,0.07272727272727272,0.8188976377952756,0.28363636363636363,0.7716535433070866,0.52,0.7086614173228346,0.6727272727272727,1.0,0.21818181818181817,0.968503937007874,0.5854545454545454,0.9212598425196851,0.7818181818181819,0.8740157480314961,0.9345454545454546,0.6062992125984252,0.21454545454545454,0.6141732283464567,0.5963636363636363,0.5905511811023622,0.8290909090909091,0.5590551181102362,0.9963636363636363,0.25984251968503935,0.23636363636363636,0.30708661417322836,0.6072727272727273,0.3228346456692913,0.84,0.33070866141732286,1.0,0.0,0.28,0.13385826771653545,0.5490909090909091,0.2283464566929134,0.68,0.29133858267716534,0.7781818181818182
0.10077519379844961,0.0,0.5658914728682171,0.07272727272727272,0.8294573643410853,0.2872727272727273,0.7751937984496124,0.5236363636363637,0.7131782945736435,0.6727272727272727,1.0,0.22181818181818183,0.9689922480620154,0.5854545454545454,0.9069767441860465,0.7854545454545454,0.8604651162790697,0.9381818181818182,0.6124031007751938,0.2109090909090909,0.6201550387596899,0.5963636363636363,0.5813953488372093,0.8327272727272728,0.5426356589147286,1.0,0.2713178294573643,0.2290909090909091,0.31007751937984496,0.6036363636363636,0.3333333333333333,0.84,0.3333333333333333,1.0,0.0,0.2727272727272727,0.13178294573643412,0.5454545454545454,0.2248062015503876,0.6763636363636364,0.27906976744186046,0.7672727272727272
0.07936507936507936,0.0,0.5476190476190477,0.07220216606498195,0.8095238095238095,0.2815884476534296,0.746031746031746,0.516245487364621,0.6825396825396826,0.6678700361010831,1.0,0.22382671480144403,0.9523809523809523,0.5776173285198556,0.9047619047619048,0.776173285198556,0.8650793650793651,0.927797833935018,0.6190476190476191,0.21299638989169675,0.6190476190476191,0.5848375451263538,0.5793650793650794,0.8194945848375451,0.5396825396825397,0.9927797833935018,0.2698412698412698,0.23104693140794225,0.29365079365079366,0.592057761732852,0.30158730158730157,0.8303249097472925,0.30158730158730157,1.0,0.0,0.2743682310469314,0.12698412698412698,0.5379061371841155,0.20634920634920634,0.6642599277978339,0.2619047619047619,0.7581227436823105
0.109375,0.0,0.578125,0.07553956834532374,0.8359375,0.2841726618705036,0.7734375,0.5143884892086331,0.6953125,0.6618705035971223,1.0,0.21942446043165467,0.9609375,0.5755395683453237,0.8984375,0.7733812949640287,0.84375,0.9244604316546763,0.6015625,0.2158273381294964,0.609375,0.5935251798561151,0.5703125,0.8237410071942446,0.53125,0.9892086330935251,0.2578125,0.24100719424460432,0.3046875,0.6115107913669064,0.328125,0.841726618705036,0.3359375,1.0,0.0,0.28776978417266186,0.1328125,0.5539568345323741,0.2265625,0.6762589928057554,0.2890625,0.7661870503597122
0.0873015873015873,0.0,0.5555555555555556,0.072992700729927,0.8253968253968254,0.28102189781021897,0.7619047619047619,0.5109489051094891,0.6984126984126984,0.6605839416058394,1.0,0.21897810218978103,0.9523809523809523,0.5802919708029197,0.8888888888888888,0.7773722627737226,0.8412698412698413,0.927007299270073,0.6111111111111112,0.20802919708029197,0.6031746031746031,0.583941605839416,0.5634920634920635,0.8211678832116789,0.5238095238095238,0.9927007299270073,0.2619047619047619,0.22627737226277372,0.29365079365079366,0.5948905109489051,0.30952380952380953,0.8321167883211679,0.31746031746031744,1.0,0.0,0.2664233576642336,0.1349206349206349,0.5328467153284672,0.21428571428571427,0.656934306569343,0.2698412698412698,0.7408759124087592
0.078125,0.0,0.546875,0.07011070110701106,0.8203125,0.28044280442804426,0.7734375,0.5129151291512916,0.7265625,0.6642066420664207,1.0,0.1992619926199262,0.953125,0.5608856088560885,0.890625,0.7601476014760148,0.84375,0.915129151291513,0.609375,0.19557195571955718,0.609375,0.5756457564575646,0.578125,0.8118081180811808,0.546875,0.985239852398524,0.2578125,0.22509225092250923,0.3046875,0.5940959409594095,0.328125,0.8339483394833949,0.3359375,1.0,0.0,0.2767527675276753,0.140625,0.5461254612546126,0.234375,0.6678966789667896,0.3046875,0.7527675276752768
0.07874015748031496,0.0,0.5433070866141733,0.0695970695970696,0.8110236220472441,0.28205128205128205,0.7480314960629921,0.5164835164835165,0.6692913385826772,0.6703296703296703,1.0,0.20146520146520147,0.9606299212598425,0.5604395604395604,0.905511811023622,0.7545787545787546,0.8503937007874016,0.9047619047619048,0.6141732283464567,0.19413919413919414,0.6062992125984252,0.5604395604395604,0.5748031496062992,0.7985347985347986,0.5433070866141733,0.9743589743589743,0.2677165354330709,0.21611721611721613,0.30708661417322836,0.5824175824175825,0.33070866141732286,0.8241758241758241,0.33858267716535434,1.0,0.0,0.27106227106227104,0.14173228346456693,0.5311355311355311,0.23622047244094488,0.652014652014652,0.2992125984251969,0.7472527472527473
0.08527131782945736,0.0,0.5426356589147286,0.07352941176470588,0.8217054263565892,0.27941176470588236,0.7674418604651163,0.5147058823529411,0.6976744186046512,0.6617647058823529,1.0,0.20588235294117646,0.9689922480620154,0.5625,0.9069767441860465,0.7610294117647058,0.8527131782945736,0.9117647058823529,0.6124031007751938,0.1948529411764706,0.6201550387596899,0.5735294117647058,0.5891472868217055,0.8088235294117647,0.5426356589147286,0.9816176470588235,0.26356589147286824,0.21323529411764705,0.32558139534883723,0.5845588235294118,0.3643410852713178,0.8272058823529411,0.37209302325581395,1.0,0.0,0.2647058823529412,0.16279069767441862,0.5183823529411765,0.2713178294573643,0.6360294117647058,0.3333333333333333,0.7242647058823529
0.07874015748031496,0.0,0.5590551181102362,0.06439393939393939,0.84251968503937,0.2689393939393939,0.7716535433070866,0.5037878787878788,0.6929133858267716,0.6477272727272727,1.0,0.19696969696969696,0.9606299212598425,0.5568181818181818,0.8976377952755905,0.7537878787878788,0.84251968503937,0.9090909090909091,0.5984251968503937,0.1893939393939394,0.5905511811023622,0.571969696969697,0.5590551181102362,0.8143939393939394,0.5196850393700787,0.9886363636363636,0.25196850393700787,0.21212121212121213,0.30708661417322836,0.5909090909090909,0.33858267716535434,0.8333333333333334,0.3543307086614173,1.0,0.0,0.26515151515151514,0.15748031496062992,0.5189393939393939,0.25196850393700787,0.6098484848484849,0.3228346456692913,0.6666666666666666
0.09448818897637795,0.0,0.5511811023622047,0.06766917293233082,0.84251968503937,0.2669172932330827,0.7952755905511811,0.5,0.7244094488188977,0.6541353383458647,1.0,0.19924812030075187,0.984251968503937,0.556390977443609,0.9212598425196851,0.7593984962406015,0.8661417322834646,0.9135338345864662,0.6220472440944882,0.19172932330827067,0.6299212598425197,0.5676691729323309,0.5984251968503937,0.8157894736842105,0.5590551181102362,1.0,0.2677165354330709,0.21428571428571427,0.3228346456692913,0.5827067669172933,0.3543307086614173,0.8233082706766918,0.3700787401574803,0.9962406015037594,0.0,0.2669172932330827,0.15748031496062992,0.518796992481203,0.25196850393700787,0.6390977443609023,0.31496062992125984,0.7255639097744361
0.09375,0.0,0.546875,0.06896551724137931,0.828125,0.2796934865900383,0.78125,0.5210727969348659,0.7109375,0.6781609195402298,1.0,0.19923371647509577,0.984375,0.5708812260536399,0.9140625,0.7739463601532567,0.8515625,0.9233716475095786,0.6171875,0.18773946360153257,0.6171875,0.578544061302682,0.578125,0.8237547892720306,0.5390625,0.9961685823754789,0.265625,0.210727969348659,0.3125,0.5900383141762452,0.359375,0.8314176245210728,0.3828125,1.0,0.0,0.2681992337164751,0.1640625,0.5210727969348659,0.265625,0.6245210727969349,0.3359375,0.6896551724137931
0.03968253968253968,0.0,0.49206349206349204,0.06692913385826772,0.8015873015873016,0.2637795275590551,0.8095238095238095,0.49606299212598426,0.7698412698412699,0.65748031496063,1.0,0.16535433070866143,0.9841269841269841,0.5393700787401575,0.9206349206349206,0.7637795275590551,0.8571428571428571,0.9291338582677166,0.6190476190476191,0.14960629921259844,0.6349206349206349,0.5354330708661418,0.6031746031746031,0.8031496062992126,0.5555555555555556,1.0,0.2698412698412698,0.1732283464566929,0.31746031746031744,0.547244094488189,0.3492063492063492,0.7992125984251969,0.373015873015873,0.9763779527559056,0.0,0.23622047244094488,0.1349206349206349,0.5118110236220472,0.23015873015873015,0.6614173228346457,0.30158730158730157,0.7716535433070866
0.05555555555555555,0.0,0.5079365079365079,0.05928853754940711,0.8333333333333334,0.25296442687747034,0.8492063492063492,0.4980237154150198,0.7857142857142857,0.6719367588932806,1.0,0.15810276679841898,1.0,0.5177865612648221,0.9365079365079365,0.7391304347826086,0.873015873015873,0.9011857707509882,0.6349206349206349,0.1422924901185771,0.6587301587301587,0.541501976284585,0.6190476190476191,0.8063241106719368,0.5793650793650794,1.0,0.2857142857142857,0.16996047430830039,0.35714285714285715,0.5454545454545454,0.3888888888888889,0.782608695652174,0.3888888888888889,0.9486166007905138,0.0,0.22529644268774704,0.15873015873015872,0.4980237154150198,0.25396825396825395,0.6324110671936759,0.30158730158730157,0.7272727272727273
0.024,0.0,0.472,0.06584362139917696,0.8,0.2551440329218107,0.816,0.5020576131687243,0.776,0.6790123456790124,0.984,0.1440329218106996,1.0,0.5185185185185185,0.936,0.7407407407407407,0.872,0.9135802469135802,0.632,0.12345679012345678,0.656,0.5267489711934157,0.632,0.7983539094650206,0.592,1.0,0.28,0.14814814814814814,0.336,0.5432098765432098,0.376,0.7901234567901234,0.376,0.9670781893004116,0.0,0.20987654320987653,0.152,0.49794238683127573,0.272,0.6378600823045267,0.336,0.7448559670781894
0.016129032258064516,0.0,0.47580645161290325,0.06837606837606838,0.8064516129032258,0.25213675213675213,0.8387096774193549,0.5,0.7903225806451613,0.6837606837606838,1.0,0.11965811965811966,1.0,0.49145299145299143,0.967741935483871,0.7222222222222222,0.9112903225806451,0.9017094017094017,0.6370967741935484,0.08974358974358974,0.6612903225806451,0.5128205128205128,0.6370967741935484,0.7905982905982906,0.5887096774193549,1.0,0.28225806451612906,0.11538461538461539,0.3548387096774194,0.5213675213675214,0.3951612903225806,0.7863247863247863,0.3951612903225806,0.9743589743589743,0.0,0.18376068376068377,0.16129032258064516,0.4700854700854701,0.29838709677419356,0.6025641025641025,0.3870967741935484,0.6965811965811965
0.024,0.0,0.472,0.08,0.8,0.26666666666666666,0.832,0.5155555555555555,0.792,0.7066666666666667,0.984,0.1111111111111111,1.0,0.48444444444444446,0.96,0.72,0.92,0.9066666666666666,0.632,0.07555555555555556,0.664,0.5066666666666667,0.648,0.7911111111111111,0.64,1.0,0.288,0.10222222222222223,0.328,0.5155555555555555,0.376,0.7955555555555556,0.392,0.9955555555555555,0.0,0.16444444444444445,0.144,0.4711111111111111,0.264,0.6088888888888889,0.344,0.7066666666666667
0.016,0.0,0.448,0.0881057268722467,0.776,0.2687224669603524,0.832,0.4977973568281938,0.808,0.6740088105726872,0.976,0.11013215859030837,1.0,0.47577092511013214,0.968,0.7136563876651982,0.928,0.8986784140969163,0.624,0.07488986784140969,0.664,0.4977973568281938,0.656,0.7841409691629956,0.648,1.0,0.28,0.10572687224669604,0.344,0.5110132158590308,0.392,0.788546255506608,0.408,0.9911894273127754,0.0,0.17180616740088106,0.168,0.4801762114537445,0.296,0.6519823788546255,0.368,0.7841409691629956
0.0,0.0,0.42276422764227645,0.08296943231441048,0.7642276422764228,0.27510917030567683,0.8292682926829268,0.5021834061135371,0.8048780487804879,0.6768558951965066,0.975609756097561,0.13100436681222707,1.0,0.49344978165938863,0.9512195121951219,0.7292576419213974,0.9024390243902439,0.9082969432314411,0.6341463414634146,0.08733624454148471,0.6666666666666666,0.5283842794759825,0.6422764227642277,0.8034934497816594,0.6341463414634146,1.0,0.2926829268292683,0.11353711790393013,0.34146341463414637,0.5327510917030568,0.3902439024390244,0.7991266375545851,0.4065040650406504,0.9868995633187773,0.0,0.17903930131004367,0.17073170731707318,0.4890829694323144,0.2926829268292683,0.6506550218340611,0.37398373983739835,0.7685589519650655
0.04580152671755725,0.0,0.4580152671755725,0.060085836909871244,0.7862595419847328,0.2532188841201717,0.8244274809160306,0.49356223175965663,0.7862595419847328,0.6695278969957081,0.9389312977099237,0.13733905579399142,1.0,0.4978540772532189,0.9465648854961832,0.7253218884120172,0.8931297709923665,0.8927038626609443,0.6106870229007634,0.11587982832618025,0.6793893129770993,0.5364806866952789,0.6641221374045801,0.8068669527896996,0.6564885496183206,1.0,0.2748091603053435,0.1459227467811159,0.35877862595419846,0.5407725321888412,0.40458015267175573,0.7854077253218884,0.42748091603053434,0.9613733905579399,0.0,0.20600858369098712,0.19083969465648856,0.47639484978540775,0.3053435114503817,0.575107296137339,0.3816793893129771,0.6351931330472103
0.0,0.0,0.4230769230769231,0.05,0.7538461538461538,0.22272727272727272,0.823076923076923,0.4636363636363636,0.8076923076923077,0.6454545454545455,0.9384615384615385,0.10454545454545454,1.0,0.4863636363636364,0.9692307692307692,0.7227272727272728,0.9307692307692308,0.9,0.6153846153846154,0.08181818181818182,0.6923076923076923,0.5227272727272727,0.6923076923076923,0.8045454545454546,0.676923076923077,1.0,0.3,0.11818181818181818,0.38461538461538464,0.5272727272727272,0.43846153846153846,0.7909090909090909,0.46153846153846156,0.9636363636363636,0.05384615384615385,0.18636363636363637,0.2076923076923077,0.4772727272727273,0.3230769230769231,0.6090909090909091,0.4,0.7
0.0,0.0,0.3984375,0.057777777777777775,0.71875,0.25333333333333335,0.8125,0.49333333333333335,0.8046875,0.6666666666666666,0.921875,0.13333333333333333,1.0,0.5111111111111111,0.9609375,0.7422222222222222,0.9140625,0.9066666666666666,0.625,0.11555555555555555,0.703125,0.56,0.7109375,0.8133333333333334,0.7109375,0.9955555555555555,0.328125,0.1511111111111111,0.40625,0.5733333333333334,0.484375,0.8222222222222222,0.515625,1.0,0.0703125,0.2222222222222222,0.21875,0.5377777777777778,0.3359375,0.72,0.421875,0.8622222222222222
0.0,0.0,0.45901639344262296,0.03734439834024896,0.7868852459016393,0.23236514522821577,0.8360655737704918,0.48132780082987553,0.7950819672131147,0.6514522821576764,0.9590163934426229,0.16182572614107885,1.0,0.5269709543568465,0.9590163934426229,0.7427385892116183,0.9262295081967213,0.8962655601659751,0.6065573770491803,0.16597510373443983,0.6721311475409836,0.5726141078838174,0.6721311475409836,0.8215767634854771,0.6721311475409836,1.0,0.27049180327868855,0.1991701244813278,0.3524590163934426,0.5767634854771784,0.4098360655737705,0.8091286307053942,0.4426229508196721,0.979253112033195,0.0,0.26141078838174275,0.16393442622950818,0.5145228215767634,0.2786885245901639,0.6390041493775933,0.36885245901639346,0.7344398340248963
0.016260162601626018,0.0,0.4959349593495935,0.04149377593360996,0.8048780487804879,0.23651452282157676,0.8373983739837398,0.48132780082987553,0.8048780487804879,0.6431535269709544,0.975609756097561,0.1825726141078838,1.0,0.5560165975103735,0.9512195121951219,0.7676348547717843,0.9024390243902439,0.9128630705394191,0.6097560975609756,0.1908713692946058,0.6585365853658537,0.5975103734439834,0.6341463414634146,0.8381742738589212,0.6178861788617886,1.0,0.2601626016260163,0.22821576763485477,0.36585365853658536,0.6182572614107884,0.42276422764227645,0.8464730290456431,0.45528455284552843,0.995850622406639,0.0,0.2946058091286307,0.17886178861788618,0.5518672199170125,0.2845528455284553,0.6680497925311203,0.35772357723577236,0.7593360995850622
0.008130081300813009,0.0,0.4878048780487805,0.04938271604938271,0.8048780487804879,0.2345679012345679,0.8536585365853658,0.4691358024691358,0.8373983739837398,0.6255144032921811,0.991869918699187,0.18930041152263374,1.0,0.5637860082304527,0.9512195121951219,0.7736625514403292,0.9024390243902439,0.9259259259259259,0.6097560975609756,0.1934156378600823,0.6666666666666666,0.5967078189300411,0.6585365853658537,0.8353909465020576,0.6422764227642277,1.0,0.2682926829268293,0.2345679012345679,0.37398373983739835,0.6213991769547325,0.43902439024390244,0.8436213991769548,0.4715447154471545,0.9917695473251029,0.0,0.29218106995884774,0.18699186991869918,0.5596707818930041,0.2845528455284553,0.6831275720164609,0.34959349593495936,0.7736625514403292
0.0,0.0,0.4715447154471545,0.05263157894736842,0.7804878048780488,0.242914979757085,0.8211382113821138,0.47368421052631576,0.8130081300813008,0.6356275303643725,0.975609756097561,0.20647773279352227,1.0,0.5748987854251012,0.9512195121951219,0.7773279352226721,0.8943089430894309,0.9230769230769231,0.6178861788617886,0.20647773279352227,0.6666666666666666,0.6072874493927125,0.6585365853658537,0.8421052631578947,0.6341463414634146,1.0,0.2764227642276423,0.2388663967611336,0.37398373983739835,0.6194331983805668,0.43089430894308944,0.8461538461538461,0.4634146341463415,0.9959514170040485,0.0,0.291497975708502,0.17073170731707318,0.5506072874493927,0.2682926829268293,0.6761133603238867,0.3333333333333333,0.7692307692307693
0.0,0.0,0.47580645161290325,0.05241935483870968,0.7983870967741935,0.24596774193548387,0.8467741935483871,0.4798387096774194,0.8467741935483871,0.6411290322580645,0.9838709677419355,0.20161290322580644,1.0,0.5806451612903226,0.9596774193548387,0.782258064516129,0.9032258064516129,0.9274193548387096,0.6209677419354839,0.21370967741935484,0.6693548387096774,0.6129032258064516,0.6693548387096774,0.842741935483871,0.6451612903225806,1.0,0.28225806451612906,0.24596774193548387,0.3709677419354839,0.6290322580645161,0.4274193548387097,0.8387096774193549,0.46774193548387094,0.9798387096774194,0.008064516129032258,0.29435483870967744,0.1532258064516129,0.5564516129032258,0.23387096774193547,0.6814516129032258,0.2903225806451613,0.7661290322580645
0.0,0.0,0.46825396825396826,0.04435483870967742,0.7936507936507936,0.23790322580645162,0.8412698412698413,0.47580645161290325,0.8253968253968254,0.6411290322580645,0.9841269841269841,0.20161290322580644,1.0,0.5766129032258065,0.9603174603174603,0.782258064516129,0.9047619047619048,0.9233870967741935,0.626984126984127,0.2056451612903226,0.6746031746031746,0.6088709677419355,0.6666666666666666,0.842741935483871,0.6507936507936508,1.0,0.29365079365079366,0.23790322580645162,0.373015873015873,0.6169354838709677,0.4444444444444444,0.8346774193548387,0.47619047619047616,0.9798387096774194,0.023809523809523808,0.2903225806451613,0.19047619047619047,0.5524193548387096,0.2857142857142857,0.6733870967741935,0.3412698412698413,0.7661290322580645
0.0,0.0,0.46825396825396826,0.036734693877551024,0.8015873015873016,0.23265306122448978,0.8492063492063492,0.47346938775510206,0.8253968253968254,0.6408163265306123,0.9841269841269841,0.19591836734693877,1.0,0.5755102040816327,0.9523809523809523,0.7795918367346939,0.9047619047619048,0.9183673469387755,0.6190476190476191,0.20816326530612245,0.6746031746031746,0.6081632653061224,0.6746031746031746,0.8408163265306122,0.6587301587301587,1.0,0.2857142857142857,0.24897959183673468,0.38095238095238093,0.6244897959183674,0.4444444444444444,0.8448979591836735,0.48412698412698413,0.9959183673469387,0.023809523809523808,0.30612244897959184,0.1984126984126984,0.563265306122449,0.29365079365079366,0.6775510204081633,0.36507936507936506,0.7673469387755102
0.0,0.0,0.464,0.04819277108433735,0.8,0.24096385542168675,0.856,0.4779116465863454,0.848,0.6385542168674698,0.976,0.20481927710843373,1.0,0.5783132530120482,0.96,0.7791164658634538,0.912,0.9236947791164659,0.616,0.21686746987951808,0.68,0.6184738955823293,0.68,0.8433734939759037,0.664,1.0,0.28,0.25301204819277107,0.376,0.6305220883534136,0.44,0.8393574297188755,0.488,0.9799196787148594,0.016,0.3092369477911647,0.192,0.5662650602409639,0.296,0.6746987951807228,0.36,0.7590361445783133
0.0,0.0,0.46825396825396826,0.03643724696356275,0.7936507936507936,0.23076923076923078,0.8412698412698413,0.46963562753036436,0.8095238095238095,0.631578947368421,0.9682539682539683,0.20242914979757085,1.0,0.5789473684210527,0.9444444444444444,0.7854251012145749,0.8888888888888888,0.9311740890688259,0.6111111111111112,0.21052631578947367,0.6666666666666666,0.611336032388664,0.6666666666666666,0.8461538461538461,0.6349206349206349,1.0,0.2777777777777778,0.24696356275303644,0.373015873015873,0.6275303643724697,0.4365079365079365,0.8380566801619433,0.46825396825396826,0.9757085020242915,0.023809523809523808,0.29959514170040485,0.1984126984126984,0.5668016194331984,0.29365079365079366,0.6842105263157895,0.3492063492063492,0.7692307692307693
0.0,0.0,0.4838709677419355,0.04878048780487805,0.8064516129032258,0.24390243902439024,0.8467741935483871,0.483739837398374,0.8145161290322581,0.6422764227642277,1.0,0.21138211382113822,1.0,0.5894308943089431,0.9516129032258065,0.7926829268292683,0.9112903225806451,0.9349593495934959,0.6290322580645161,0.21138211382113822,0.6612903225806451,0.6178861788617886,0.6612903225806451,0.8495934959349594,0.6532258064516129,1.0,0.28225806451612906,0.23983739837398374,0.3629032258064516,0.6260162601626016,0.43548387096774194,0.8455284552845529,0.47580645161290325,0.991869918699187,0.016129032258064516,0.2926829268292683,0.18548387096774194,0.5609756097560976,0.2903225806451613,0.6869918699186992,0.3548387096774194,0.7764227642276422
0.0,0.0,0.47580645161290325,0.04819277108433735,0.8064516129032258,0.24096385542168675,0.8467741935483871,0.4779116465863454,0.8225806451612904,0.6385542168674698,0.9758064516129032,0.20481927710843373,1.0,0.5823293172690763,0.9435483870967742,0.7791164658634538,0.8951612903225806,0.9196787148594378,0.6048387096774194,0.20883534136546184,0.6612903225806451,0.606425702811245,0.6612903225806451,0.8393574297188755,0.6370967741935484,1.0,0.2661290322580645,0.23694779116465864,0.3629032258064516,0.6144578313253012,0.4274193548387097,0.8273092369477911,0.4596774193548387,0.9718875502008032,0.008064516129032258,0.2931726907630522,0.1774193548387097,0.5502008032128514,0.28225806451612906,0.6666666666666666,0.3467741935483871,0.751004016064257
0.0,0.0,0.48360655737704916,0.048,0.8032786885245902,0.24,0.8360655737704918,0.476,0.819672131147541,0.636,0.9918032786885246,0.208,1.0,0.584,0.9426229508196722,0.784,0.8934426229508197,0.928,0.6147540983606558,0.208,0.6557377049180327,0.604,0.6557377049180327,0.84,0.639344262295082,1.0,0.27049180327868855,0.236,0.3524590163934426,0.616,0.4180327868852459,0.836,0.45901639344262296,0.984,0.0,0.288,0.16393442622950818,0.556,0.26229508196721313,0.676,0.3360655737704918,0.764
0.0,0.0,0.4918032786885246,0.044897959183673466,0.8278688524590164,0.22857142857142856,0.8688524590163934,0.46530612244897956,0.8524590163934426,0.6244897959183674,1.0,0.19591836734693877,1.0,0.5714285714285714,0.9590163934426229,0.7755102040816326,0.9180327868852459,0.926530612244898,0.6229508196721312,0.19591836734693877,0.6557377049180327,0.6,0.6557377049180327,0.8367346938775511,0.6475409836065574,1.0,0.2786885245901639,0.23265306122448978,0.3524590163934426,0.6122448979591837,0.4180327868852459,0.8326530612244898,0.4672131147540984,0.9795918367346939,0.02459016393442623,0.2897959183673469,0.18032786885245902,0.5510204081632653,0.28688524590163933,0.673469387755102,0.3524590163934426,0.7591836734693878
0.023809523809523808,0.0,0.48412698412698413,0.044897959183673466,0.8174603174603174,0.23265306122448978,0.8650793650793651,0.46938775510204084,0.8412698412698413,0.6285714285714286,0.9682539682539683,0.19183673469387755,1.0,0.563265306122449,0.9523809523809523,0.7714285714285715,0.9047619047619048,0.9183673469387755,0.6031746031746031,0.19183673469387755,0.6666666666666666,0.5959183673469388,0.6666666666666666,0.8367346938775511,0.6428571428571429,1.0,0.2619047619047619,0.22040816326530613,0.35714285714285715,0.6040816326530613,0.42063492063492064,0.8285714285714286,0.4523809523809524,0.9795918367346939,0.0,0.2816326530612245,0.1746031746031746,0.5510204081632653,0.2777777777777778,0.6775510204081633,0.3492063492063492,0.7673469387755102
0.016129032258064516,0.0,0.49193548387096775,0.04526748971193416,0.8225806451612904,0.2345679012345679,0.8629032258064516,0.4732510288065844,0.8387096774193549,0.6378600823045267,0.9758064516129032,0.18930041152263374,1.0,0.5596707818930041,0.9596774193548387,0.7695473251028807,0.9112903225806451,0.9176954732510288,0.6048387096774194,0.18930041152263374,0.6693548387096774,0.5925925925925926,0.6693548387096774,0.8353909465020576,0.6451612903225806,1.0,0.2661290322580645,0.22633744855967078,0.3548387096774194,0.6131687242798354,0.41935483870967744,0.8353909465020576,0.4435483870967742,0.9876543209876543,0.0,0.29218106995884774,0.1693548387096774,0.5637860082304527,0.28225806451612906,0.691358024691358,0.3548387096774194,0.7818930041152263
0.024193548387096774,0.0,0.47580645161290325,0.05,0.7983870967741935,0.24166666666666667,0.8548387096774194,0.48333333333333334,0.8387096774193549,0.6416666666666667,0.9758064516129032,0.19166666666666668,1.0,0.5708333333333333,0.9516129032258065,0.7833333333333333,0.8951612903225806,0.9333333333333333,0.6048387096774194,0.19166666666666668,0.6693548387096774,0.6041666666666666,0.6693548387096774,0.8416666666666667,0.6451612903225806,1.0,0.2661290322580645,0.22916666666666666,0.3548387096774194,0.6208333333333333,0.41935483870967744,0.8416666666666667,0.4596774193548387,0.9875,0.0,0.2916666666666667,0.1693548387096774,0.5666666666666667,0.28225806451612906,0.6958333333333333,0.3548387096774194,0.7875
0.015873015873015872,0.0,0.47619047619047616,0.046413502109704644,0.8015873015873016,0.23628691983122363,0.8571428571428571,0.4767932489451477,0.8412698412698413,0.6455696202531646,0.9682539682539683,0.17721518987341772,1.0,0.5611814345991561,0.9523809523809523,0.7763713080168776,0.8968253968253969,0.9324894514767933,0.6031746031746031,0.17721518987341772,0.6666666666666666,0.5949367088607594,0.6587301587301587,0.8396624472573839,0.626984126984127,1.0,0.2619047619047619,0.2109704641350211,0.3412698412698413,0.6075949367088608,0.40476190476190477,0.8354430379746836,0.4444444444444444,0.9831223628691983,0.0,0.2742616033755274,0.16666666666666666,0.5527426160337553,0.2698412698412698,0.679324894514768,0.3412698412698413,0.7721518987341772
0.046511627906976744,0.0,0.49612403100775193,0.05042016806722689,0.8062015503875969,0.24369747899159663,0.8294573643410853,0.48739495798319327,0.7984496124031008,0.6512605042016807,0.9534883720930233,0.17647058823529413,1.0,0.5504201680672269,0.9534883720930233,0.773109243697479,0.9069767441860465,0.9327731092436975,0.5891472868217055,0.16806722689075632,0.6744186046511628,0.5798319327731093,0.6666666666666666,0.8277310924369747,0.6434108527131783,1.0,0.2558139534883721,0.20588235294117646,0.3488372093023256,0.6008403361344538,0.4108527131782946,0.8403361344537815,0.4496124031007752,0.9957983193277311,0.0,0.27310924369747897,0.17054263565891473,0.5504201680672269,0.2868217054263566,0.6722689075630253,0.3643410852713178,0.7563025210084033
0.0234375,0.0,0.4765625,0.042735042735042736,0.7890625,0.23076923076923078,0.8359375,0.47435897435897434,0.8203125,0.6410256410256411,0.9453125,0.16666666666666666,1.0,0.5512820512820513,0.953125,0.7735042735042735,0.90625,0.9316239316239316,0.5859375,0.1623931623931624,0.6640625,0.5769230769230769,0.671875,0.8290598290598291,0.65625,1.0,0.25,0.19658119658119658,0.34375,0.6025641025641025,0.40625,0.8418803418803419,0.4453125,1.0,0.0,0.26495726495726496,0.1640625,0.5512820512820513,0.28125,0.6752136752136753,0.359375,0.7649572649572649
0.015748031496062992,0.0,0.4881889763779528,0.04700854700854701,0.8110236220472441,0.24358974358974358,0.84251968503937,0.49572649572649574,0.8031496062992126,0.6709401709401709,0.9448818897637795,0.1623931623931624,1.0,0.5512820512820513,0.9606299212598425,0.7692307692307693,0.905511811023622,0.9273504273504274,0.5905511811023622,0.16666666666666666,0.6614173228346457,0.5811965811965812,0.6614173228346457,0.8290598290598291,0.6377952755905512,1.0,0.25984251968503935,0.2094017094017094,0.3543307086614173,0.6153846153846154,0.41732283464566927,0.8461538461538461,0.44881889763779526,1.0,0.0,0.2777777777777778,0.16535433070866143,0.5641025641025641,0.29133858267716534,0.6837606837606838,0.3700787401574803,0.7649572649572649
0.03968253968253968,0.0,0.5,0.06329113924050633,0.8174603174603174,0.24472573839662448,0.8492063492063492,0.48523206751054854,0.8095238095238095,0.6497890295358649,0.9603174603174603,0.16877637130801687,1.0,0.5443037974683544,0.9603174603174603,0.7552742616033755,0.9206349206349206,0.9113924050632911,0.5952380952380952,0.16455696202531644,0.6666666666666666,0.569620253164557,0.6746031746031746,0.810126582278481,0.6746031746031746,0.9789029535864979,0.2619047619047619,0.20253164556962025,0.3492063492063492,0.5991561181434599,0.4126984126984127,0.8354430379746836,0.4603174603174603,1.0,0.0,0.26582278481012656,0.15873015873015872,0.5485232067510548,0.2857142857142857,0.6708860759493671,0.373015873015873,0.759493670886076
0.015873015873015872,0.0,0.47619047619047616,0.042735042735042736,0.8015873015873016,0.2264957264957265,0.8333333333333334,0.47435897435897434,0.8015873015873016,0.6452991452991453,0.9603174603174603,0.14102564102564102,1.0,0.5256410256410257,0.9523809523809523,0.7435897435897436,0.9047619047619048,0.9017094017094017,0.5873015873015873,0.14102564102564102,0.6587301587301587,0.5512820512820513,0.6666666666666666,0.8034188034188035,0.6507936507936508,0.9786324786324786,0.25396825396825395,0.18376068376068377,0.35714285714285715,0.5897435897435898,0.42063492063492064,0.8333333333333334,0.4523809523809524,1.0,0.0,0.2564102564102564,0.1746031746031746,0.5341880341880342,0.30158730158730157,0.6495726495726496,0.3888888888888889,0.7264957264957265
0.03968253968253968,0.0,0.5079365079365079,0.060085836909871244,0.8333333333333334,0.24892703862660945,0.8650793650793651,0.49356223175965663,0.8015873015873016,0.6738197424892703,0.9603174603174603,0.15021459227467812,1.0,0.5321888412017167,0.9523809523809523,0.7510729613733905,0.9047619047619048,0.9141630901287554,0.6031746031746031,0.13733905579399142,0.6904761904761905,0.5622317596566524,0.6825396825396826,0.8197424892703863,0.6666666666666666,1.0,0.2698412698412698,0.17167381974248927,0.36507936507936506,0.5793991416309013,0.4365079365079365,0.8197424892703863,0.47619047619047616,0.9828326180257511,0.0,0.23605150214592274,0.16666666666666666,0.5236051502145923,0.2857142857142857,0.6437768240343348,0.36507936507936506,0.7253218884120172
0.06299212598425197,0.0,0.5118110236220472,0.06302521008403361,0.8267716535433071,0.25210084033613445,0.84251968503937,0.5,0.7637795275590551,0.680672268907563,0.984251968503937,0.15546218487394958,1.0,0.5252100840336135,0.9448818897637795,0.7394957983193278,0.8976377952755905,0.8991596638655462,0.6299212598425197,0.13445378151260504,0.7007874015748031,0.5546218487394958,0.6850393700787402,0.8151260504201681,0.6377952755905512,1.0,0.2755905511811024,0.16806722689075632,0.3858267716535433,0.5756302521008403,0.44881889763779526,0.819327731092437,0.4645669291338583,0.9915966386554622,0.0,0.23529411764705882,0.18110236220472442,0.5210084033613446,0.2992125984251969,0.6512605042016807,0.3700787401574803,0.7436974789915967
0.048,0.0,0.512,0.05907172995780591,0.832,0.24472573839662448,0.848,0.48945147679324896,0.768,0.6751054852320675,0.976,0.16033755274261605,1.0,0.5232067510548524,0.944,0.7426160337552743,0.896,0.9029535864978903,0.624,0.13924050632911392,0.688,0.5569620253164557,0.656,0.8185654008438819,0.608,1.0,0.28,0.16877637130801687,0.368,0.5780590717299579,0.424,0.8270042194092827,0.448,0.9915611814345991,0.0,0.2320675105485232,0.176,0.5189873417721519,0.296,0.6371308016877637,0.368,0.7172995780590717
0.032,0.0,0.504,0.05042016806722689,0.832,0.23109243697478993,0.848,0.4789915966386555,0.784,0.6554621848739496,0.96,0.15126050420168066,1.0,0.5126050420168067,0.952,0.7310924369747899,0.912,0.8907563025210085,0.608,0.14285714285714285,0.68,0.5546218487394958,0.672,0.8109243697478992,0.64,1.0,0.272,0.17647058823529413,0.368,0.5756302521008403,0.432,0.8235294117647058,0.456,0.9915966386554622,0.0,0.23949579831932774,0.176,0.5210084033613446,0.296,0.6386554621848739,0.368,0.7226890756302521
0.008264462809917356,0.0,0.48760330578512395,0.05128205128205128,0.8264462809917356,0.23931623931623933,0.8347107438016529,0.49572649572649574,0.7603305785123967,0.6752136752136753,0.9834710743801653,0.1452991452991453,1.0,0.5256410256410257,0.9504132231404959,0.7393162393162394,0.9008264462809917,0.9017094017094017,0.6198347107438017,0.13247863247863248,0.6942148760330579,0.5470085470085471,0.6859504132231405,0.8034188034188035,0.6528925619834711,0.9957264957264957,0.2809917355371901,0.16666666666666666,0.38016528925619836,0.5769230769230769,0.4380165289256198,0.8247863247863247,0.4628099173553719,1.0,0.0,0.23076923076923078,0.17355371900826447,0.5213675213675214,0.2975206611570248,0.6538461538461539,0.38016528925619836,0.7521367521367521
0.0,0.0,0.475,0.05172413793103448,0.8166666666666667,0.2413793103448276,0.8416666666666667,0.5,0.775,0.6810344827586207,0.9833333333333333,0.14655172413793102,1.0,0.5172413793103449,0.9583333333333334,0.7370689655172413,0.9083333333333333,0.9008620689655172,0.625,0.1336206896551724,0.6833333333333333,0.5474137931034483,0.6833333333333333,0.8103448275862069,0.6583333333333333,1.0,0.275,0.1724137931034483,0.375,0.5775862068965517,0.43333333333333335,0.8232758620689655,0.45,0.9956896551724138,0.0,0.2413793103448276,0.16666666666666666,0.5301724137931034,0.2833333333333333,0.6508620689655172,0.35833333333333334,0.7370689655172413
0.03225806451612903,0.0,0.5080645161290323,0.05063291139240506,0.8387096774193549,0.24050632911392406,0.8548387096774194,0.4936708860759494,0.7661290322580645,0.6708860759493671,0.9758064516129032,0.14345991561181434,1.0,0.5147679324894515,0.9435483870967742,0.7341772151898734,0.8870967741935484,0.8945147679324894,0.6129032258064516,0.1350210970464135,0.6854838709677419,0.5527426160337553,0.6612903225806451,0.8143459915611815,0.6290322580645161,1.0,0.2661290322580645,0.1729957805907173,0.3709677419354839,0.5822784810126582,0.41935483870967744,0.8185654008438819,0.43548387096774194,0.9704641350210971,0.0,0.24050632911392406,0.18548387096774194,0.5189873417721519,0.29838709677419356,0.6286919831223629,0.3790322580645161,0.70042194092827
0.0,0.0,0.475,0.048034934497816595,0.8166666666666667,0.23580786026200873,0.85,0.49344978165938863,0.7833333333333333,0.6768558951965066,0.9833333333333333,0.13100436681222707,1.0,0.5152838427947598,0.9416666666666667,0.7379912663755459,0.8916666666666667,0.8995633187772926,0.6416666666666667,0.12663755458515283,0.7,0.5545851528384279,0.675,0.8122270742358079,0.6333333333333333,1.0,0.30833333333333335,0.16593886462882096,0.39166666666666666,0.5895196506550219,0.45,0.8296943231441049,0.475,1.0,0.025,0.24017467248908297,0.18333333333333332,0.5414847161572053,0.2916666666666667,0.6812227074235808,0.35833333333333334,0.7860262008733624
0.04065040650406504,0.0,0.4959349593495935,0.05627705627705628,0.8211382113821138,0.2510822510822511,0.8455284552845529,0.49783549783549785,0.7804878048780488,0.6753246753246753,0.975609756097561,0.15151515151515152,1.0,0.5281385281385281,0.943089430894309,0.7489177489177489,0.8943089430894309,0.9090909090909091,0.6178861788617886,0.1341991341991342,0.6747967479674797,0.5670995670995671,0.6504065040650406,0.8225108225108225,0.6178861788617886,1.0,0.2764227642276423,0.1645021645021645,0.34959349593495936,0.5844155844155844,0.3902439024390244,0.8181818181818182,0.3983739837398374,0.9783549783549783,0.0,0.22510822510822512,0.16260162601626016,0.5108225108225108,0.2764227642276423,0.6147186147186147,0.34959349593495936,0.6796536796536796
0.04918032786885246,0.0,0.5245901639344263,0.05194805194805195,0.8442622950819673,0.23376623376623376,0.860655737704918,0.4805194805194805,0.7868852459016393,0.658008658008658,0.9672131147540983,0.14285714285714285,1.0,0.5194805194805194,0.9508196721311475,0.7402597402597403,0.9016393442622951,0.9004329004329005,0.6147540983606558,0.13852813852813853,0.6885245901639344,0.5541125541125541,0.6721311475409836,0.8138528138528138,0.639344262295082,1.0,0.27049180327868855,0.17316017316017315,0.36065573770491804,0.5800865800865801,0.4098360655737705,0.8225108225108225,0.4344262295081967,0.987012987012987,0.0,0.23809523809523808,0.1721311475409836,0.5151515151515151,0.28688524590163933,0.6233766233766234,0.36065573770491804,0.6926406926406926
0.05737704918032787,0.0,0.5327868852459017,0.05555555555555555,0.8524590163934426,0.24786324786324787,0.860655737704918,0.5,0.7704918032786885,0.6752136752136753,0.9918032786885246,0.15384615384615385,1.0,0.5341880341880342,0.9426229508196722,0.7435897435897436,0.8934426229508197,0.9017094017094017,0.6229508196721312,0.14102564102564102,0.6721311475409836,0.5683760683760684,0.6557377049180327,0.8205128205128205,0.6147540983606558,1.0,0.27049180327868855,0.1752136752136752,0.36885245901639346,0.594017094017094,0.4180327868852459,0.8333333333333334,0.4344262295081967,0.9914529914529915,0.0,0.23504273504273504,0.1721311475409836,0.5213675213675214,0.29508196721311475,0.6410256410256411,0.3770491803278688,0.717948717948718
0.04918032786885246,0.0,0.5245901639344263,0.05172413793103448,0.8442622950819673,0.24568965517241378,0.8442622950819673,0.5,0.7622950819672131,0.6810344827586207,0.9754098360655737,0.15086206896551724,1.0,0.5301724137931034,0.9344262295081968,0.7456896551724138,0.8770491803278688,0.9008620689655172,0.6147540983606558,0.13793103448275862,0.680327868852459,0.5560344827586207,0.6639344262295082,0.8103448275862069,0.6311475409836066,0.9870689655172413,0.27049180327868855,0.16810344827586207,0.36065573770491804,0.5818965517241379,0.4180327868852459,0.8318965517241379,0.4426229508196721,1.0,0.0,0.23706896551724138,0.1721311475409836,0.5172413793103449,0.29508196721311475,0.6206896551724138,0.3770491803278688,0.6896551724137931
0.024793388429752067,0.0,0.48760330578512395,0.06607929515418502,0.8099173553719008,0.2511013215859031,0.8347107438016529,0.4977973568281938,0.768595041322314,0.6828193832599119,0.9669421487603306,0.14977973568281938,1.0,0.5198237885462555,0.9338842975206612,0.7400881057268722,0.8677685950413223,0.9030837004405287,0.6198347107438017,0.1277533039647577,0.6694214876033058,0.5506607929515418,0.6446280991735537,0.8105726872246696,0.6033057851239669,0.9911894273127754,0.2727272727272727,0.15859030837004406,0.34710743801652894,0.5682819383259912,0.39669421487603307,0.8237885462555066,0.4132231404958678,1.0,0.0,0.22026431718061673,0.15702479338842976,0.5110132158590308,0.2727272727272727,0.6431718061674009,0.34710743801652894,0.7400881057268722
0.032520325203252036,0.0,0.4878048780487805,0.061946902654867256,0.8130081300813008,0.24336283185840707,0.8455284552845529,0.4911504424778761,0.7886178861788617,0.6769911504424779,0.9512195121951219,0.12831858407079647,1.0,0.504424778761062,0.943089430894309,0.7345132743362832,0.8861788617886179,0.9026548672566371,0.6016260162601627,0.11504424778761062,0.6585365853658537,0.5442477876106194,0.6260162601626016,0.8141592920353983,0.5772357723577236,1.0,0.2682926829268293,0.14601769911504425,0.3333333333333333,0.5442477876106194,0.3902439024390244,0.8008849557522124,0.42276422764227645,0.9690265486725663,0.0,0.2168141592920354,0.16260162601626016,0.49557522123893805,0.2764227642276423,0.6150442477876106,0.35772357723577236,0.6902654867256637
0.024390243902439025,0.0,0.4796747967479675,0.05405405405405406,0.8130081300813008,0.23873873873873874,0.8455284552845529,0.49099099099099097,0.7886178861788617,0.6801801801801802,0.943089430894309,0.11711711711711711,1.0,0.5,0.9512195121951219,0.7342342342342343,0.8943089430894309,0.9054054054054054,0.6097560975609756,0.11261261261261261,0.6747967479674797,0.536036036036036,0.6666666666666666,0.8018018018018018,0.6341463414634146,0.990990990990991,0.2682926829268293,0.15315315315315314,0.36585365853658536,0.5540540540540541,0.42276422764227645,0.8198198198198198,0.45528455284552843,1.0,0.0,0.22972972972972974,0.17886178861788618,0.509009009009009,0.3089430894308943,0.6441441441441441,0.3983739837398374,0.7477477477477478
0.024390243902439025,0.0,0.4634146341463415,0.05803571428571429,0.7886178861788617,0.24107142857142858,0.8373983739837398,0.49107142857142855,0.7886178861788617,0.6785714285714286,0.943089430894309,0.13392857142857142,1.0,0.5089285714285714,0.9512195121951219,0.7410714285714286,0.8943089430894309,0.9017857142857143,0.6016260162601627,0.11607142857142858,0.6829268292682927,0.5491071428571429,0.6666666666666666,0.8169642857142857,0.6260162601626016,1.0,0.2682926829268293,0.15625,0.35772357723577236,0.5625,0.3983739837398374,0.8169642857142857,0.4065040650406504,0.9866071428571429,0.0,0.22321428571428573,0.16260162601626016,0.5044642857142857,0.2764227642276423,0.625,0.35772357723577236,0.6964285714285714
0.04065040650406504,0.0,0.4878048780487805,0.05829596412556054,0.8048780487804879,0.2556053811659193,0.8455284552845529,0.5067264573991032,0.8048780487804879,0.6905829596412556,0.9512195121951219,0.14349775784753363,1.0,0.5246636771300448,0.9512195121951219,0.7488789237668162,0.8943089430894309,0.9103139013452914,0.5934959349593496,0.12556053811659193,0.6585365853658537,0.5650224215246636,0.6341463414634146,0.8251121076233184,0.6016260162601627,1.0,0.2601626016260163,0.16143497757847533,0.3333333333333333,0.5739910313901345,0.3821138211382114,0.8161434977578476,0.4065040650406504,0.9775784753363229,0.0,0.22869955156950672,0.14634146341463414,0.5246636771300448,0.25203252032520324,0.6412556053811659,0.3333333333333333,0.7174887892376681
0.02459016393442623,0.0,0.47540983606557374,0.057777777777777775,0.8032786885245902,0.24444444444444444,0.8442622950819673,0.49333333333333335,0.8032786885245902,0.6755555555555556,0.9672131147540983,0.14222222222222222,1.0,0.5155555555555555,0.9508196721311475,0.7377777777777778,0.9016393442622951,0.8977777777777778,0.6147540983606558,0.12444444444444444,0.6721311475409836,0.5466666666666666,0.6475409836065574,0.8088888888888889,0.6147540983606558,1.0,0.27049180327868855,0.15555555555555556,0.3524590163934426,0.5555555555555556,0.4098360655737705,0.8177777777777778,0.4344262295081967,0.9955555555555555,0.0,0.22666666666666666,0.16393442622950818,0.5022222222222222,0.2786885245901639,0.6266666666666667,0.3524590163934426,0.7155555555555555
0.01652892561983471,0.0,0.47107438016528924,0.05405405405405406,0.8016528925619835,0.23873873873873874,0.8429752066115702,0.4954954954954955,0.7933884297520661,0.6891891891891891,0.9586776859504132,0.13513513513513514,1.0,0.5180180180180181,0.9504132231404959,0.7477477477477478,0.8925619834710744,0.918918918918919,0.6115702479338843,0.11711711711711711,0.6694214876033058,0.5495495495495496,0.6528925619834711,0.8153153153153153,0.628099173553719,1.0,0.2727272727272727,0.15765765765765766,0.36363636363636365,0.5720720720720721,0.4049586776859504,0.8243243243243243,0.4132231404958678,0.9954954954954955,0.0,0.22522522522522523,0.15702479338842976,0.5135135135135135,0.2727272727272727,0.6531531531531531,0.33884297520661155,0.7477477477477478
0.04,0.0,0.496,0.06140350877192982,0.8,0.2543859649122807,0.84,0.5,0.784,0.6754385964912281,0.952,0.14912280701754385,1.0,0.5219298245614035,0.944,0.7456140350877193,0.88,0.9035087719298246,0.608,0.12719298245614036,0.672,0.5701754385964912,0.632,0.8289473684210527,0.6,1.0,0.272,0.15789473684210525,0.344,0.5789473684210527,0.384,0.8245614035087719,0.4,0.9824561403508771,0.0,0.21929824561403508,0.16,0.5043859649122807,0.264,0.6052631578947368,0.344,0.6622807017543859
0.04,0.0,0.496,0.06521739130434782,0.808,0.2565217391304348,0.84,0.5043478260869565,0.792,0.6826086956521739,0.96,0.1565217391304348,1.0,0.5260869565217391,0.944,0.7521739130434782,0.872,0.9130434782608695,0.608,0.13043478260869565,0.672,0.5608695652173913,0.632,0.8217391304347826,0.584,1.0,0.264,0.1565217391304348,0.36,0.5695652173913044,0.4,0.808695652173913,0.4,0.9608695652173913,0.0,0.21739130434782608,0.16,0.5043478260869565,0.28,0.6130434782608696,0.352,0.6782608695652174
0.03225806451612903,0.0,0.49193548387096775,0.05263157894736842,0.8225806451612904,0.24561403508771928,0.8467741935483871,0.4956140350877193,0.782258064516129,0.6885964912280702,0.9596774193548387,0.14912280701754385,1.0,0.5219298245614035,0.9435483870967742,0.7456140350877193,0.8790322580645161,0.9035087719298246,0.6129032258064516,0.13157894736842105,0.6693548387096774,0.5614035087719298,0.6370967741935484,0.8201754385964912,0.5887096774193549,1.0,0.27419354838709675,0.16228070175438597,0.3548387096774194,0.5745614035087719,0.3951612903225806,0.8245614035087719,0.4112903225806452,0.9912280701754386,0.0,0.22807017543859648,0.16129032258064516,0.5175438596491229,0.27419354838709675,0.6359649122807017,0.3467741935483871,0.7149122807017544
0.0,0.0,0.47107438016528924,0.044642857142857144,0.8099173553719008,0.22321428571428573,0.8512396694214877,0.46875,0.8016528925619835,0.6517857142857143,0.9669421487603306,0.13839285714285715,1.0,0.5089285714285714,0.9504132231404959,0.7321428571428571,0.8925619834710744,0.8973214285714286,0.6198347107438017,0.125,0.6694214876033058,0.5446428571428571,0.6446280991735537,0.8125,0.6033057851239669,1.0,0.2809917355371901,0.16071428571428573,0.36363636363636365,0.5625,0.4132231404958678,0.8169642857142857,0.4297520661157025,0.9910714285714286,0.008264462809917356,0.22767857142857142,0.1652892561983471,0.5133928571428571,0.2809917355371901,0.6383928571428571,0.35537190082644626,0.7321428571428571
0.04838709677419355,0.0,0.5080645161290323,0.05652173913043478,0.8306451612903226,0.25217391304347825,0.8467741935483871,0.5043478260869565,0.7903225806451613,0.6869565217391305,0.9758064516129032,0.15217391304347827,1.0,0.5304347826086957,0.9435483870967742,0.7521739130434782,0.8870967741935484,0.908695652173913,0.6209677419354839,0.1391304347826087,0.6935483870967742,0.5608695652173913,0.6774193548387096,0.8217391304347826,0.6451612903225806,1.0,0.28225806451612906,0.1782608695652174,0.3709677419354839,0.5869565217391305,0.41935483870967744,0.8304347826086956,0.41935483870967744,0.9869565217391304,0.0,0.24347826086956523,0.1693548387096774,0.5304347826086957,0.28225806451612906,0.6565217391304348,0.3548387096774194,0.7434782608695653
0.016666666666666666,0.0,0.48333333333333334,0.05263157894736842,0.825,0.2412280701754386,0.8583333333333333,0.49122807017543857,0.8,0.6754385964912281,0.975,0.14473684210526316,1.0,0.5175438596491229,0.9416666666666667,0.7368421052631579,0.8833333333333333,0.9035087719298246,0.625,0.13157894736842105,0.6833333333333333,0.5526315789473685,0.6666666666666666,0.8157894736842105,0.625,1.0,0.275,0.17105263157894737,0.38333333333333336,0.5833333333333334,0.44166666666666665,0.8289473684210527,0.45,0.9912280701754386,0.0,0.23684210526315788,0.175,0.5263157894736842,0.2833333333333333,0.6710526315789473,0.35,0.7763157894736842
0.04,0.0,0.504,0.06086956521739131,0.824,0.24782608695652175,0.856,0.4956521739130435,0.792,0.6739130434782609,0.968,0.1565217391304348,1.0,0.5217391304347826,0.944,0.7434782608695653,0.888,0.9043478260869565,0.616,0.1391304347826087,0.672,0.5652173913043478,0.64,0.8217391304347826,0.6,1.0,0.272,0.17391304347826086,0.36,0.5782608695652174,0.4,0.8217391304347826,0.416,0.9826086956521739,0.0,0.23478260869565218,0.168,0.5130434782608696,0.28,0.6260869565217392,0.352,0.7
